2025-03-03 23:04:47,890 - mcp.server.lowlevel.server - DEBUG - Initializing server 'sefaria_jewish_library'
2025-03-03 23:04:47,890 - mcp.server.lowlevel.server - DEBUG - Registering handler for ListToolsRequest
2025-03-03 23:04:47,891 - mcp.server.lowlevel.server - DEBUG - Registering handler for CallToolRequest
2025-03-03 23:04:47,891 - asyncio - DEBUG - Using selector: EpollSelector
2025-03-03 23:04:47,891 - sefaria_jewish_library - INFO - Starting Jewish Library MCP server...
2025-03-03 23:04:47,928 - mcp.server.lowlevel.server - DEBUG - Received message: root=InitializedNotification(method='notifications/initialized', params=None, jsonrpc='2.0')
2025-03-03 23:04:47,929 - mcp.server.lowlevel.server - DEBUG - Received message: <mcp.shared.session.RequestResponder object at 0x700d0e129cd0>
2025-03-03 23:04:47,929 - mcp.server.lowlevel.server - INFO - Processing request of type ListToolsRequest
2025-03-03 23:04:47,929 - mcp.server.lowlevel.server - DEBUG - Dispatching request of type ListToolsRequest
2025-03-03 23:04:47,929 - sefaria_jewish_library - DEBUG - Handling list_tools request
2025-03-03 23:04:47,930 - mcp.server.lowlevel.server - DEBUG - Response sent
2025-03-03 23:04:47,932 - mcp.server.lowlevel.server - DEBUG - Received message: <mcp.shared.session.RequestResponder object at 0x700d0e0876e0>
2025-03-03 23:04:47,933 - mcp.server.lowlevel.server - INFO - Processing request of type ListResourcesRequest
2025-03-03 23:04:47,933 - mcp.server.lowlevel.server - DEBUG - Response sent
2025-03-03 23:04:47,934 - mcp.server.lowlevel.server - DEBUG - Received message: <mcp.shared.session.RequestResponder object at 0x700d0e12aa20>
2025-03-03 23:04:47,935 - mcp.server.lowlevel.server - INFO - Processing request of type ListResourceTemplatesRequest
2025-03-03 23:04:47,935 - mcp.server.lowlevel.server - DEBUG - Response sent
2025-08-08 17:53:35,079 - mcp.server.lowlevel.server - DEBUG - Initializing server 'sefaria_jewish_library'
2025-08-08 17:53:35,080 - mcp.server.lowlevel.server - DEBUG - Registering handler for ListToolsRequest
2025-08-08 17:53:35,080 - mcp.server.lowlevel.server - DEBUG - Registering handler for CallToolRequest
2025-08-08 17:53:35,080 - asyncio - DEBUG - Using selector: KqueueSelector
2025-08-08 17:53:35,081 - sefaria_jewish_library - INFO - Starting Jewish Library MCP server...
2025-08-08 18:03:53,035 - mcp.server.lowlevel.server - DEBUG - Initializing server 'sefaria_jewish_library'
2025-08-08 18:03:53,035 - mcp.server.lowlevel.server - DEBUG - Registering handler for ListToolsRequest
2025-08-08 18:03:53,035 - mcp.server.lowlevel.server - DEBUG - Registering handler for CallToolRequest
2025-08-12 15:36:32,903 - mcp.server.lowlevel.server - DEBUG - Initializing server 'sefaria_jewish_library'
2025-08-12 15:36:32,904 - mcp.server.lowlevel.server - DEBUG - Registering handler for ListToolsRequest
2025-08-12 15:36:32,904 - mcp.server.lowlevel.server - DEBUG - Registering handler for CallToolRequest
2025-08-12 15:37:49,256 - mcp.server.lowlevel.server - DEBUG - Initializing server 'sefaria_jewish_library'
2025-08-12 15:37:49,257 - mcp.server.lowlevel.server - DEBUG - Registering handler for ListToolsRequest
2025-08-12 15:37:49,257 - mcp.server.lowlevel.server - DEBUG - Registering handler for CallToolRequest
2025-08-12 15:39:37,229 - mcp.server.lowlevel.server - DEBUG - Initializing server 'sefaria_jewish_library'
2025-08-12 15:39:37,229 - mcp.server.lowlevel.server - DEBUG - Registering handler for ListToolsRequest
2025-08-12 15:39:37,229 - mcp.server.lowlevel.server - DEBUG - Registering handler for CallToolRequest
2025-08-12 15:39:37,230 - mcp.server.lowlevel.server - DEBUG - Initializing server 'sefaria_jewish_library'
2025-08-12 15:39:37,230 - mcp.server.lowlevel.server - DEBUG - Registering handler for ListToolsRequest
2025-08-12 15:39:37,230 - mcp.server.lowlevel.server - DEBUG - Registering handler for CallToolRequest
2025-08-12 15:39:37,230 - asyncio - DEBUG - Using selector: KqueueSelector
2025-08-12 15:39:37,231 - sefaria_jewish_library - INFO - Starting Jewish Library MCP server...
2025-08-12 15:40:48,879 - sefaria_jewish_library - INFO - Server stopped by user
2025-08-12 15:43:47,967 - mcp.server.lowlevel.server - DEBUG - Initializing server 'sefaria_jewish_library'
2025-08-12 15:43:47,968 - mcp.server.lowlevel.server - DEBUG - Registering handler for ListToolsRequest
2025-08-12 15:43:47,968 - mcp.server.lowlevel.server - DEBUG - Registering handler for CallToolRequest
2025-08-12 15:43:47,968 - mcp.server.lowlevel.server - DEBUG - Initializing server 'sefaria_jewish_library'
2025-08-12 15:43:47,968 - mcp.server.lowlevel.server - DEBUG - Registering handler for ListToolsRequest
2025-08-12 15:43:47,968 - mcp.server.lowlevel.server - DEBUG - Registering handler for CallToolRequest
2025-08-12 15:43:47,968 - asyncio - DEBUG - Using selector: KqueueSelector
2025-08-12 15:43:47,968 - sefaria_jewish_library - INFO - Starting Jewish Library MCP server...
2025-08-12 15:43:47,976 - mcp.server.lowlevel.server - DEBUG - Received message: root=InitializedNotification(method='notifications/initialized', params=None, jsonrpc='2.0')
2025-08-12 15:43:47,978 - mcp.server.lowlevel.server - DEBUG - Received message: <mcp.shared.session.RequestResponder object at 0x10614d820>
2025-08-12 15:43:47,978 - mcp.server.lowlevel.server - INFO - Processing request of type ListToolsRequest
2025-08-12 15:43:47,978 - mcp.server.lowlevel.server - DEBUG - Dispatching request of type ListToolsRequest
2025-08-12 15:43:47,978 - sefaria_jewish_library - DEBUG - Handling list_tools request
2025-08-12 15:43:47,979 - mcp.server.lowlevel.server - DEBUG - Response sent
2025-08-12 15:43:47,979 - mcp.server.lowlevel.server - DEBUG - Received message: <mcp.shared.session.RequestResponder object at 0x1060e7b60>
2025-08-12 15:43:47,979 - mcp.server.lowlevel.server - INFO - Processing request of type ListResourcesRequest
2025-08-12 15:43:47,979 - mcp.server.lowlevel.server - DEBUG - Response sent
2025-08-12 15:43:47,985 - mcp.server.lowlevel.server - DEBUG - Received message: <mcp.shared.session.RequestResponder object at 0x10614d790>
2025-08-12 15:43:47,986 - mcp.server.lowlevel.server - INFO - Processing request of type ListPromptsRequest
2025-08-12 15:43:47,986 - mcp.server.lowlevel.server - DEBUG - Response sent
2025-08-12 15:44:41,157 - mcp.server.lowlevel.server - DEBUG - Received message: <mcp.shared.session.RequestResponder object at 0x10570cb30>
2025-08-12 15:44:41,157 - mcp.server.lowlevel.server - INFO - Processing request of type CallToolRequest
2025-08-12 15:44:41,157 - mcp.server.lowlevel.server - DEBUG - Dispatching request of type CallToolRequest
2025-08-12 15:44:41,158 - sefaria_jewish_library - DEBUG - Handling call_tool request for get_text with arguments {'reference': 'Genesis 1:1'}
2025-08-12 15:44:41,158 - sefaria_jewish_library - DEBUG - handle_get_text: Genesis 1:1
2025-08-12 15:44:41,169 - urllib3.connectionpool - DEBUG - Starting new HTTPS connection (1): sefaria.org:443
2025-08-12 15:44:41,500 - mcp.server.lowlevel.server - DEBUG - Response sent
2025-08-12 15:44:43,379 - mcp.server.lowlevel.server - DEBUG - Received message: <mcp.shared.session.RequestResponder object at 0x10570cfe0>
2025-08-12 15:44:43,379 - mcp.server.lowlevel.server - INFO - Processing request of type CallToolRequest
2025-08-12 15:44:43,379 - mcp.server.lowlevel.server - DEBUG - Dispatching request of type CallToolRequest
2025-08-12 15:44:43,380 - sefaria_jewish_library - DEBUG - Handling call_tool request for get_text with arguments {'reference': 'בראשית א א'}
2025-08-12 15:44:43,380 - sefaria_jewish_library - DEBUG - handle_get_text: בראשית א א
2025-08-12 15:44:43,380 - urllib3.connectionpool - DEBUG - Starting new HTTPS connection (1): sefaria.org:443
2025-08-12 15:44:43,421 - mcp.server.lowlevel.server - DEBUG - Response sent
2025-08-12 15:45:23,566 - mcp.server.lowlevel.server - DEBUG - Received message: <mcp.shared.session.RequestResponder object at 0x1060b6240>
2025-08-12 15:45:23,566 - mcp.server.lowlevel.server - INFO - Processing request of type CallToolRequest
2025-08-12 15:45:23,566 - mcp.server.lowlevel.server - DEBUG - Dispatching request of type CallToolRequest
2025-08-12 15:45:23,566 - sefaria_jewish_library - DEBUG - Handling call_tool request for get_text with arguments {'reference': 'Genesis 1:1'}
2025-08-12 15:45:23,566 - sefaria_jewish_library - DEBUG - handle_get_text: Genesis 1:1
2025-08-12 15:45:23,567 - urllib3.connectionpool - DEBUG - Starting new HTTPS connection (1): sefaria.org:443
2025-08-12 15:45:23,595 - mcp.server.lowlevel.server - DEBUG - Response sent
2025-08-12 15:46:31,703 - mcp.server.lowlevel.server - DEBUG - Received message: <mcp.shared.session.RequestResponder object at 0x100c0cb60>
2025-08-12 15:46:31,704 - mcp.server.lowlevel.server - INFO - Processing request of type CallToolRequest
2025-08-12 15:46:31,704 - mcp.server.lowlevel.server - DEBUG - Dispatching request of type CallToolRequest
2025-08-12 15:46:31,704 - sefaria_jewish_library - DEBUG - Handling call_tool request for get_text with arguments {'reference': 'Genesis 1:1'}
2025-08-12 15:46:31,704 - sefaria_jewish_library - DEBUG - handle_get_text: Genesis 1:1
2025-08-12 15:46:31,705 - urllib3.connectionpool - DEBUG - Starting new HTTPS connection (1): sefaria.org:443
2025-08-12 15:46:31,737 - mcp.server.lowlevel.server - DEBUG - Response sent
2025-08-12 15:46:34,006 - mcp.server.lowlevel.server - DEBUG - Received message: <mcp.shared.session.RequestResponder object at 0x1060e7b00>
2025-08-12 15:46:34,006 - mcp.server.lowlevel.server - INFO - Processing request of type CallToolRequest
2025-08-12 15:46:34,007 - mcp.server.lowlevel.server - DEBUG - Dispatching request of type CallToolRequest
2025-08-12 15:46:34,007 - sefaria_jewish_library - DEBUG - Handling call_tool request for get_text with arguments {'reference': 'Bereshit 1:1'}
2025-08-12 15:46:34,007 - sefaria_jewish_library - DEBUG - handle_get_text: Bereshit 1:1
2025-08-12 15:46:34,007 - urllib3.connectionpool - DEBUG - Starting new HTTPS connection (1): sefaria.org:443
2025-08-12 15:46:34,535 - urllib3.connectionpool - DEBUG - https://sefaria.org:443 "GET /api/v3/texts/Bereshit%201:1 HTTP/1.1" 301 None
2025-08-12 15:46:34,536 - urllib3.connectionpool - DEBUG - Starting new HTTPS connection (1): www.sefaria.org:443
2025-08-12 15:46:34,680 - mcp.server.lowlevel.server - DEBUG - Response sent
2025-08-12 15:47:05,329 - mcp.server.lowlevel.server - DEBUG - Initializing server 'sefaria_jewish_library'
2025-08-12 15:47:05,329 - mcp.server.lowlevel.server - DEBUG - Registering handler for ListToolsRequest
2025-08-12 15:47:05,330 - mcp.server.lowlevel.server - DEBUG - Registering handler for CallToolRequest
2025-08-12 15:47:05,331 - mcp.server.lowlevel.server - DEBUG - Initializing server 'sefaria_jewish_library'
2025-08-12 15:47:05,332 - mcp.server.lowlevel.server - DEBUG - Registering handler for ListToolsRequest
2025-08-12 15:47:05,332 - mcp.server.lowlevel.server - DEBUG - Registering handler for CallToolRequest
2025-08-12 15:47:05,332 - asyncio - DEBUG - Using selector: KqueueSelector
2025-08-12 15:47:05,332 - sefaria_jewish_library - INFO - Starting Jewish Library MCP server...
2025-08-12 15:47:05,343 - sefaria_jewish_library - ERROR - Server error: unhandled errors in a TaskGroup (1 sub-exception)
  + Exception Group Traceback (most recent call last):
  |   File "/Users/stevebar/Documents/mcp-sefaria-server/src/sefaria_jewish_library/server.py", line 257, in main
  |     async with mcp.server.stdio.stdio_server() as (read_stream, write_stream):
  |                ^^^^^^^^^^^^^^^^^^^^^^^^^^^^^^^
  |   File "/Users/stevebar/.local/share/uv/python/cpython-3.12.9-macos-aarch64-none/lib/python3.12/contextlib.py", line 217, in __aexit__
  |     await anext(self.gen)
  |   File "/Users/stevebar/Documents/mcp-sefaria-server/.venv/lib/python3.12/site-packages/mcp/server/stdio.py", line 85, in stdio_server
  |     async with anyio.create_task_group() as tg:
  |                ^^^^^^^^^^^^^^^^^^^^^^^^^
  |   File "/Users/stevebar/Documents/mcp-sefaria-server/.venv/lib/python3.12/site-packages/anyio/_backends/_asyncio.py", line 772, in __aexit__
  |     raise BaseExceptionGroup(
  | ExceptionGroup: unhandled errors in a TaskGroup (1 sub-exception)
  +-+---------------- 1 ----------------
    | Traceback (most recent call last):
    |   File "/Users/stevebar/Documents/mcp-sefaria-server/.venv/lib/python3.12/site-packages/mcp/server/stdio.py", line 81, in stdout_writer
    |     await stdout.flush()
    |   File "/Users/stevebar/Documents/mcp-sefaria-server/.venv/lib/python3.12/site-packages/anyio/_core/_fileio.py", line 140, in flush
    |     return await to_thread.run_sync(self._fp.flush)
    |            ^^^^^^^^^^^^^^^^^^^^^^^^^^^^^^^^^^^^^^^^
    |   File "/Users/stevebar/Documents/mcp-sefaria-server/.venv/lib/python3.12/site-packages/anyio/to_thread.py", line 56, in run_sync
    |     return await get_async_backend().run_sync_in_worker_thread(
    |            ^^^^^^^^^^^^^^^^^^^^^^^^^^^^^^^^^^^^^^^^^^^^^^^^^^^^
    |   File "/Users/stevebar/Documents/mcp-sefaria-server/.venv/lib/python3.12/site-packages/anyio/_backends/_asyncio.py", line 2476, in run_sync_in_worker_thread
    |     return await future
    |            ^^^^^^^^^^^^
    |   File "/Users/stevebar/Documents/mcp-sefaria-server/.venv/lib/python3.12/site-packages/anyio/_backends/_asyncio.py", line 967, in run
    |     result = context.run(func, *args)
    |              ^^^^^^^^^^^^^^^^^^^^^^^^
    | BrokenPipeError: [Errno 32] Broken pipe
    +------------------------------------
2025-08-12 15:47:05,386 - sefaria_jewish_library - ERROR - Fatal error: unhandled errors in a TaskGroup (1 sub-exception)
  + Exception Group Traceback (most recent call last):
  |   File "/Users/stevebar/Documents/mcp-sefaria-server/src/sefaria_jewish_library/server.py", line 276, in <module>
  |     asyncio.run(main())
  |   File "/Users/stevebar/.local/share/uv/python/cpython-3.12.9-macos-aarch64-none/lib/python3.12/asyncio/runners.py", line 195, in run
  |     return runner.run(main)
  |            ^^^^^^^^^^^^^^^^
  |   File "/Users/stevebar/.local/share/uv/python/cpython-3.12.9-macos-aarch64-none/lib/python3.12/asyncio/runners.py", line 118, in run
  |     return self._loop.run_until_complete(task)
  |            ^^^^^^^^^^^^^^^^^^^^^^^^^^^^^^^^^^^
  |   File "/Users/stevebar/.local/share/uv/python/cpython-3.12.9-macos-aarch64-none/lib/python3.12/asyncio/base_events.py", line 691, in run_until_complete
  |     return future.result()
  |            ^^^^^^^^^^^^^^^
  |   File "/Users/stevebar/Documents/mcp-sefaria-server/src/sefaria_jewish_library/server.py", line 257, in main
  |     async with mcp.server.stdio.stdio_server() as (read_stream, write_stream):
  |                ^^^^^^^^^^^^^^^^^^^^^^^^^^^^^^^
  |   File "/Users/stevebar/.local/share/uv/python/cpython-3.12.9-macos-aarch64-none/lib/python3.12/contextlib.py", line 217, in __aexit__
  |     await anext(self.gen)
  |   File "/Users/stevebar/Documents/mcp-sefaria-server/.venv/lib/python3.12/site-packages/mcp/server/stdio.py", line 85, in stdio_server
  |     async with anyio.create_task_group() as tg:
  |                ^^^^^^^^^^^^^^^^^^^^^^^^^
  |   File "/Users/stevebar/Documents/mcp-sefaria-server/.venv/lib/python3.12/site-packages/anyio/_backends/_asyncio.py", line 772, in __aexit__
  |     raise BaseExceptionGroup(
  | ExceptionGroup: unhandled errors in a TaskGroup (1 sub-exception)
  +-+---------------- 1 ----------------
    | Traceback (most recent call last):
    |   File "/Users/stevebar/Documents/mcp-sefaria-server/.venv/lib/python3.12/site-packages/mcp/server/stdio.py", line 81, in stdout_writer
    |     await stdout.flush()
    |   File "/Users/stevebar/Documents/mcp-sefaria-server/.venv/lib/python3.12/site-packages/anyio/_core/_fileio.py", line 140, in flush
    |     return await to_thread.run_sync(self._fp.flush)
    |            ^^^^^^^^^^^^^^^^^^^^^^^^^^^^^^^^^^^^^^^^
    |   File "/Users/stevebar/Documents/mcp-sefaria-server/.venv/lib/python3.12/site-packages/anyio/to_thread.py", line 56, in run_sync
    |     return await get_async_backend().run_sync_in_worker_thread(
    |            ^^^^^^^^^^^^^^^^^^^^^^^^^^^^^^^^^^^^^^^^^^^^^^^^^^^^
    |   File "/Users/stevebar/Documents/mcp-sefaria-server/.venv/lib/python3.12/site-packages/anyio/_backends/_asyncio.py", line 2476, in run_sync_in_worker_thread
    |     return await future
    |            ^^^^^^^^^^^^
    |   File "/Users/stevebar/Documents/mcp-sefaria-server/.venv/lib/python3.12/site-packages/anyio/_backends/_asyncio.py", line 967, in run
    |     result = context.run(func, *args)
    |              ^^^^^^^^^^^^^^^^^^^^^^^^
    | BrokenPipeError: [Errno 32] Broken pipe
    +------------------------------------
2025-08-12 15:47:44,345 - mcp.server.lowlevel.server - DEBUG - Initializing server 'sefaria_jewish_library'
2025-08-12 15:47:44,346 - mcp.server.lowlevel.server - DEBUG - Registering handler for ListToolsRequest
2025-08-12 15:47:44,346 - mcp.server.lowlevel.server - DEBUG - Registering handler for CallToolRequest
2025-08-12 15:47:44,347 - mcp.server.lowlevel.server - DEBUG - Initializing server 'sefaria_jewish_library'
2025-08-12 15:47:44,348 - mcp.server.lowlevel.server - DEBUG - Registering handler for ListToolsRequest
2025-08-12 15:47:44,348 - mcp.server.lowlevel.server - DEBUG - Registering handler for CallToolRequest
2025-08-12 15:47:44,348 - asyncio - DEBUG - Using selector: KqueueSelector
2025-08-12 15:47:44,348 - sefaria_jewish_library - INFO - Starting Jewish Library MCP server...
2025-08-12 15:47:44,353 - mcp.server.lowlevel.server - DEBUG - Received message: root=InitializedNotification(method='notifications/initialized', params=None, jsonrpc='2.0')
2025-08-12 15:47:44,355 - mcp.server.lowlevel.server - DEBUG - Received message: <mcp.shared.session.RequestResponder object at 0x11c54d790>
2025-08-12 15:47:44,355 - mcp.server.lowlevel.server - INFO - Processing request of type ListToolsRequest
2025-08-12 15:47:44,355 - mcp.server.lowlevel.server - DEBUG - Dispatching request of type ListToolsRequest
2025-08-12 15:47:44,356 - sefaria_jewish_library - DEBUG - Handling list_tools request
2025-08-12 15:47:44,356 - mcp.server.lowlevel.server - DEBUG - Response sent
2025-08-12 15:47:44,357 - mcp.server.lowlevel.server - DEBUG - Received message: <mcp.shared.session.RequestResponder object at 0x11be567b0>
2025-08-12 15:47:44,357 - mcp.server.lowlevel.server - INFO - Processing request of type ListResourcesRequest
2025-08-12 15:47:44,358 - mcp.server.lowlevel.server - DEBUG - Response sent
2025-08-12 15:47:44,362 - mcp.server.lowlevel.server - DEBUG - Received message: <mcp.shared.session.RequestResponder object at 0x11c54d1f0>
2025-08-12 15:47:44,362 - mcp.server.lowlevel.server - INFO - Processing request of type ListPromptsRequest
2025-08-12 15:47:44,362 - mcp.server.lowlevel.server - DEBUG - Response sent
2025-08-12 15:47:45,246 - mcp.server.lowlevel.server - DEBUG - Received message: <mcp.shared.session.RequestResponder object at 0x11c54d670>
2025-08-12 15:47:45,248 - mcp.server.lowlevel.server - INFO - Processing request of type ListToolsRequest
2025-08-12 15:47:45,248 - mcp.server.lowlevel.server - DEBUG - Dispatching request of type ListToolsRequest
2025-08-12 15:47:45,248 - sefaria_jewish_library - DEBUG - Handling list_tools request
2025-08-12 15:47:45,248 - mcp.server.lowlevel.server - DEBUG - Response sent
2025-08-12 15:47:45,249 - mcp.server.lowlevel.server - DEBUG - Received message: <mcp.shared.session.RequestResponder object at 0x105a47440>
2025-08-12 15:47:45,249 - mcp.server.lowlevel.server - INFO - Processing request of type ListResourcesRequest
2025-08-12 15:47:45,249 - mcp.server.lowlevel.server - DEBUG - Response sent
2025-08-12 15:47:45,258 - mcp.server.lowlevel.server - DEBUG - Received message: <mcp.shared.session.RequestResponder object at 0x11c54dfa0>
2025-08-12 15:47:45,259 - mcp.server.lowlevel.server - INFO - Processing request of type ListPromptsRequest
2025-08-12 15:47:45,259 - mcp.server.lowlevel.server - DEBUG - Response sent
2025-08-12 15:48:41,356 - mcp.server.lowlevel.server - DEBUG - Received message: <mcp.shared.session.RequestResponder object at 0x11c0655b0>
2025-08-12 15:48:41,356 - mcp.server.lowlevel.server - INFO - Processing request of type CallToolRequest
2025-08-12 15:48:41,356 - mcp.server.lowlevel.server - DEBUG - Dispatching request of type CallToolRequest
2025-08-12 15:48:41,358 - sefaria_jewish_library - DEBUG - Handling call_tool request for get_daily_learnings with arguments {}
2025-08-12 15:48:41,358 - sefaria_jewish_library - DEBUG - handle_get_daily_learnings: diaspora=True, year=None, month=None, day=None
2025-08-12 15:48:41,371 - urllib3.connectionpool - DEBUG - Starting new HTTPS connection (1): www.sefaria.org:443
2025-08-12 15:48:41,403 - mcp.server.lowlevel.server - DEBUG - Response sent
2025-08-12 15:49:55,473 - mcp.server.lowlevel.server - DEBUG - Received message: <mcp.shared.session.RequestResponder object at 0x11c47dc70>
2025-08-12 15:49:55,473 - mcp.server.lowlevel.server - INFO - Processing request of type CallToolRequest
2025-08-12 15:49:55,473 - mcp.server.lowlevel.server - DEBUG - Dispatching request of type CallToolRequest
2025-08-12 15:49:55,474 - mcp.server.lowlevel.server - DEBUG - Response sent
2025-08-12 15:49:59,195 - mcp.server.lowlevel.server - DEBUG - Received message: <mcp.shared.session.RequestResponder object at 0x11c51a5d0>
2025-08-12 15:49:59,195 - mcp.server.lowlevel.server - INFO - Processing request of type CallToolRequest
2025-08-12 15:49:59,195 - mcp.server.lowlevel.server - DEBUG - Dispatching request of type CallToolRequest
2025-08-12 15:49:59,195 - mcp.server.lowlevel.server - DEBUG - Response sent
2025-08-12 15:50:03,975 - mcp.server.lowlevel.server - DEBUG - Received message: <mcp.shared.session.RequestResponder object at 0x11c0655b0>
2025-08-12 15:50:03,976 - mcp.server.lowlevel.server - INFO - Processing request of type CallToolRequest
2025-08-12 15:50:03,976 - mcp.server.lowlevel.server - DEBUG - Dispatching request of type CallToolRequest
2025-08-12 15:50:03,976 - mcp.server.lowlevel.server - DEBUG - Response sent
2025-08-12 15:50:07,562 - mcp.server.lowlevel.server - DEBUG - Received message: <mcp.shared.session.RequestResponder object at 0x11c19f500>
2025-08-12 15:50:07,562 - mcp.server.lowlevel.server - INFO - Processing request of type CallToolRequest
2025-08-12 15:50:07,562 - mcp.server.lowlevel.server - DEBUG - Dispatching request of type CallToolRequest
2025-08-12 15:50:07,563 - mcp.server.lowlevel.server - DEBUG - Response sent
2025-08-12 15:50:58,759 - mcp.server.lowlevel.server - DEBUG - Received message: <mcp.shared.session.RequestResponder object at 0x11c4e79b0>
2025-08-12 15:50:58,759 - mcp.server.lowlevel.server - INFO - Processing request of type CallToolRequest
2025-08-12 15:50:58,759 - mcp.server.lowlevel.server - DEBUG - Dispatching request of type CallToolRequest
2025-08-12 15:50:58,759 - sefaria_jewish_library - DEBUG - Handling call_tool request for get_commentaries with arguments {'reference': 'Deuteronomy 7:12-11:25'}
2025-08-12 15:50:58,759 - sefaria_jewish_library - DEBUG - handle_get_commentaries: Deuteronomy 7:12-11:25
2025-08-12 15:50:58,760 - urllib3.connectionpool - DEBUG - Starting new HTTPS connection (1): sefaria.org:443
2025-08-12 15:50:59,399 - urllib3.connectionpool - DEBUG - https://sefaria.org:443 "GET /api/related/Deuteronomy%207:12-11:25 HTTP/1.1" 301 None
2025-08-12 15:50:59,400 - urllib3.connectionpool - DEBUG - Starting new HTTPS connection (1): www.sefaria.org:443
2025-08-12 15:50:59,447 - mcp.server.lowlevel.server - DEBUG - Response sent
2025-08-12 15:51:02,654 - mcp.server.lowlevel.server - DEBUG - Received message: <mcp.shared.session.RequestResponder object at 0x11be567b0>
2025-08-12 15:51:02,654 - mcp.server.lowlevel.server - INFO - Processing request of type CallToolRequest
2025-08-12 15:51:02,654 - mcp.server.lowlevel.server - DEBUG - Dispatching request of type CallToolRequest
2025-08-12 15:51:02,656 - sefaria_jewish_library - DEBUG - Handling call_tool request for get_commentaries with arguments {'reference': 'Parashat Ekev'}
2025-08-12 15:51:02,656 - sefaria_jewish_library - DEBUG - handle_get_commentaries: Parashat Ekev
2025-08-12 15:51:02,657 - urllib3.connectionpool - DEBUG - Starting new HTTPS connection (1): sefaria.org:443
2025-08-12 15:51:03,196 - urllib3.connectionpool - DEBUG - https://sefaria.org:443 "GET /api/related/Parashat%20Ekev HTTP/1.1" 301 None
2025-08-12 15:51:03,197 - urllib3.connectionpool - DEBUG - Starting new HTTPS connection (1): www.sefaria.org:443
2025-08-12 15:51:19,720 - urllib3.connectionpool - DEBUG - https://www.sefaria.org:443 "GET /api/related/Parashat%20Ekev HTTP/1.1" 200 None
2025-08-12 15:51:21,166 - mcp.server.lowlevel.server - DEBUG - Response sent
2025-08-12 15:51:55,431 - mcp.server.lowlevel.server - DEBUG - Received message: <mcp.shared.session.RequestResponder object at 0x105a47440>
2025-08-12 15:51:55,431 - mcp.server.lowlevel.server - INFO - Processing request of type CallToolRequest
2025-08-12 15:51:55,431 - mcp.server.lowlevel.server - DEBUG - Dispatching request of type CallToolRequest
2025-08-12 15:51:55,432 - sefaria_jewish_library - DEBUG - Handling call_tool request for get_text with arguments {'reference': 'פענח רזא, עקב א'}
2025-08-12 15:51:55,432 - sefaria_jewish_library - DEBUG - handle_get_text: פענח רזא, עקב א
2025-08-12 15:51:55,432 - urllib3.connectionpool - DEBUG - Starting new HTTPS connection (1): sefaria.org:443
2025-08-12 15:51:55,665 - urllib3.connectionpool - DEBUG - https://sefaria.org:443 "GET /api/v3/texts/%D7%A4%D7%A2%D7%A0%D7%97%20%D7%A8%D7%96%D7%90,%20%D7%A2%D7%A7%D7%91%20%D7%90 HTTP/1.1" 301 None
2025-08-12 15:51:55,665 - urllib3.connectionpool - DEBUG - Starting new HTTPS connection (1): www.sefaria.org:443
2025-08-12 15:51:55,926 - urllib3.connectionpool - DEBUG - https://www.sefaria.org:443 "GET /api/v3/texts/%D7%A4%D7%A2%D7%A0%D7%97%20%D7%A8%D7%96%D7%90,%20%D7%A2%D7%A7%D7%91%20%D7%90 HTTP/1.1" 200 None
2025-08-12 15:51:55,926 - mcp.server.lowlevel.server - DEBUG - Response sent
2025-08-12 15:51:59,086 - mcp.server.lowlevel.server - DEBUG - Received message: <mcp.shared.session.RequestResponder object at 0x11becc9e0>
2025-08-12 15:51:59,086 - mcp.server.lowlevel.server - INFO - Processing request of type CallToolRequest
2025-08-12 15:51:59,086 - mcp.server.lowlevel.server - DEBUG - Dispatching request of type CallToolRequest
2025-08-12 15:51:59,087 - sefaria_jewish_library - DEBUG - Handling call_tool request for get_text with arguments {'reference': 'פענח רזא, עקב ב'}
2025-08-12 15:51:59,087 - sefaria_jewish_library - DEBUG - handle_get_text: פענח רזא, עקב ב
2025-08-12 15:51:59,088 - urllib3.connectionpool - DEBUG - Starting new HTTPS connection (1): sefaria.org:443
2025-08-12 15:51:59,607 - urllib3.connectionpool - DEBUG - https://sefaria.org:443 "GET /api/v3/texts/%D7%A4%D7%A2%D7%A0%D7%97%20%D7%A8%D7%96%D7%90,%20%D7%A2%D7%A7%D7%91%20%D7%91 HTTP/1.1" 301 None
2025-08-12 15:51:59,607 - urllib3.connectionpool - DEBUG - Starting new HTTPS connection (1): www.sefaria.org:443
2025-08-12 15:51:59,864 - urllib3.connectionpool - DEBUG - https://www.sefaria.org:443 "GET /api/v3/texts/%D7%A4%D7%A2%D7%A0%D7%97%20%D7%A8%D7%96%D7%90,%20%D7%A2%D7%A7%D7%91%20%D7%91 HTTP/1.1" 200 None
2025-08-12 15:51:59,865 - mcp.server.lowlevel.server - DEBUG - Response sent
2025-08-12 15:52:05,684 - mcp.server.lowlevel.server - DEBUG - Received message: <mcp.shared.session.RequestResponder object at 0x11be567b0>
2025-08-12 15:52:05,685 - mcp.server.lowlevel.server - INFO - Processing request of type CallToolRequest
2025-08-12 15:52:05,685 - mcp.server.lowlevel.server - DEBUG - Dispatching request of type CallToolRequest
2025-08-12 15:52:05,686 - sefaria_jewish_library - DEBUG - Handling call_tool request for get_text with arguments {'reference': 'פענח רזא, עקב ג'}
2025-08-12 15:52:05,686 - sefaria_jewish_library - DEBUG - handle_get_text: פענח רזא, עקב ג
2025-08-12 15:52:05,688 - urllib3.connectionpool - DEBUG - Starting new HTTPS connection (1): sefaria.org:443
2025-08-12 15:52:05,934 - urllib3.connectionpool - DEBUG - https://sefaria.org:443 "GET /api/v3/texts/%D7%A4%D7%A2%D7%A0%D7%97%20%D7%A8%D7%96%D7%90,%20%D7%A2%D7%A7%D7%91%20%D7%92 HTTP/1.1" 301 None
2025-08-12 15:52:05,934 - urllib3.connectionpool - DEBUG - Starting new HTTPS connection (1): www.sefaria.org:443
2025-08-12 15:52:06,202 - urllib3.connectionpool - DEBUG - https://www.sefaria.org:443 "GET /api/v3/texts/%D7%A4%D7%A2%D7%A0%D7%97%20%D7%A8%D7%96%D7%90,%20%D7%A2%D7%A7%D7%91%20%D7%92 HTTP/1.1" 200 None
2025-08-12 15:52:06,203 - mcp.server.lowlevel.server - DEBUG - Response sent
2025-08-12 15:52:09,535 - mcp.server.lowlevel.server - DEBUG - Received message: <mcp.shared.session.RequestResponder object at 0x11c4b4680>
2025-08-12 15:52:09,535 - mcp.server.lowlevel.server - INFO - Processing request of type CallToolRequest
2025-08-12 15:52:09,535 - mcp.server.lowlevel.server - DEBUG - Dispatching request of type CallToolRequest
2025-08-12 15:52:09,535 - sefaria_jewish_library - DEBUG - Handling call_tool request for get_text with arguments {'reference': 'פענח רזא, עקב ד'}
2025-08-12 15:52:09,535 - sefaria_jewish_library - DEBUG - handle_get_text: פענח רזא, עקב ד
2025-08-12 15:52:09,536 - urllib3.connectionpool - DEBUG - Starting new HTTPS connection (1): sefaria.org:443
2025-08-12 15:52:10,064 - urllib3.connectionpool - DEBUG - https://sefaria.org:443 "GET /api/v3/texts/%D7%A4%D7%A2%D7%A0%D7%97%20%D7%A8%D7%96%D7%90,%20%D7%A2%D7%A7%D7%91%20%D7%93 HTTP/1.1" 301 None
2025-08-12 15:52:10,065 - urllib3.connectionpool - DEBUG - Starting new HTTPS connection (1): www.sefaria.org:443
2025-08-12 15:52:10,355 - urllib3.connectionpool - DEBUG - https://www.sefaria.org:443 "GET /api/v3/texts/%D7%A4%D7%A2%D7%A0%D7%97%20%D7%A8%D7%96%D7%90,%20%D7%A2%D7%A7%D7%91%20%D7%93 HTTP/1.1" 200 None
2025-08-12 15:52:10,355 - mcp.server.lowlevel.server - DEBUG - Response sent
2025-08-12 15:52:13,309 - mcp.server.lowlevel.server - DEBUG - Received message: <mcp.shared.session.RequestResponder object at 0x11c4e79b0>
2025-08-12 15:52:13,310 - mcp.server.lowlevel.server - INFO - Processing request of type CallToolRequest
2025-08-12 15:52:13,310 - mcp.server.lowlevel.server - DEBUG - Dispatching request of type CallToolRequest
2025-08-12 15:52:13,310 - sefaria_jewish_library - DEBUG - Handling call_tool request for get_text with arguments {'reference': 'פענח רזא, עקב ה'}
2025-08-12 15:52:13,310 - sefaria_jewish_library - DEBUG - handle_get_text: פענח רזא, עקב ה
2025-08-12 15:52:13,311 - urllib3.connectionpool - DEBUG - Starting new HTTPS connection (1): sefaria.org:443
2025-08-12 15:52:13,542 - urllib3.connectionpool - DEBUG - https://sefaria.org:443 "GET /api/v3/texts/%D7%A4%D7%A2%D7%A0%D7%97%20%D7%A8%D7%96%D7%90,%20%D7%A2%D7%A7%D7%91%20%D7%94 HTTP/1.1" 301 None
2025-08-12 15:52:13,543 - urllib3.connectionpool - DEBUG - Starting new HTTPS connection (1): www.sefaria.org:443
2025-08-12 15:52:13,787 - urllib3.connectionpool - DEBUG - https://www.sefaria.org:443 "GET /api/v3/texts/%D7%A4%D7%A2%D7%A0%D7%97%20%D7%A8%D7%96%D7%90,%20%D7%A2%D7%A7%D7%91%20%D7%94 HTTP/1.1" 200 None
2025-08-12 15:52:13,788 - mcp.server.lowlevel.server - DEBUG - Response sent
2025-08-12 15:57:45,248 - mcp.server.lowlevel.server - DEBUG - Received message: <mcp.shared.session.RequestResponder object at 0x11b02b0b0>
2025-08-12 15:57:45,248 - mcp.server.lowlevel.server - INFO - Processing request of type ListResourcesRequest
2025-08-12 15:57:45,248 - mcp.server.lowlevel.server - DEBUG - Response sent
2025-08-12 15:57:45,251 - mcp.server.lowlevel.server - DEBUG - Received message: <mcp.shared.session.RequestResponder object at 0x11c47c080>
2025-08-12 15:57:45,252 - mcp.server.lowlevel.server - INFO - Processing request of type ListPromptsRequest
2025-08-12 15:57:45,252 - mcp.server.lowlevel.server - DEBUG - Response sent
2025-08-12 16:07:45,233 - mcp.server.lowlevel.server - DEBUG - Received message: <mcp.shared.session.RequestResponder object at 0x11c51a5d0>
2025-08-12 16:07:45,234 - mcp.server.lowlevel.server - INFO - Processing request of type ListResourcesRequest
2025-08-12 16:07:45,234 - mcp.server.lowlevel.server - DEBUG - Response sent
2025-08-12 16:07:45,239 - mcp.server.lowlevel.server - DEBUG - Received message: <mcp.shared.session.RequestResponder object at 0x11c0f05c0>
2025-08-12 16:07:45,240 - mcp.server.lowlevel.server - INFO - Processing request of type ListPromptsRequest
2025-08-12 16:07:45,240 - mcp.server.lowlevel.server - DEBUG - Response sent
2025-08-12 16:17:45,294 - mcp.server.lowlevel.server - DEBUG - Received message: <mcp.shared.session.RequestResponder object at 0x105a47440>
2025-08-12 16:17:45,295 - mcp.server.lowlevel.server - INFO - Processing request of type ListResourcesRequest
2025-08-12 16:17:45,295 - mcp.server.lowlevel.server - DEBUG - Response sent
2025-08-12 16:17:45,296 - mcp.server.lowlevel.server - DEBUG - Received message: <mcp.shared.session.RequestResponder object at 0x11c4e79b0>
2025-08-12 16:17:45,296 - mcp.server.lowlevel.server - INFO - Processing request of type ListPromptsRequest
2025-08-12 16:17:45,297 - mcp.server.lowlevel.server - DEBUG - Response sent
2025-08-12 16:27:45,280 - mcp.server.lowlevel.server - DEBUG - Received message: <mcp.shared.session.RequestResponder object at 0x11c599250>
2025-08-12 16:27:45,281 - mcp.server.lowlevel.server - INFO - Processing request of type ListResourcesRequest
2025-08-12 16:27:45,282 - mcp.server.lowlevel.server - DEBUG - Response sent
2025-08-12 16:27:45,286 - mcp.server.lowlevel.server - DEBUG - Received message: <mcp.shared.session.RequestResponder object at 0x11c1d0230>
2025-08-12 16:27:45,287 - mcp.server.lowlevel.server - INFO - Processing request of type ListPromptsRequest
2025-08-12 16:27:45,287 - mcp.server.lowlevel.server - DEBUG - Response sent
2025-08-12 16:35:26,918 - mcp.server.lowlevel.server - DEBUG - Initializing server 'sefaria_jewish_library'
2025-08-12 16:35:26,920 - mcp.server.lowlevel.server - DEBUG - Registering handler for ListToolsRequest
2025-08-12 16:35:26,920 - mcp.server.lowlevel.server - DEBUG - Registering handler for CallToolRequest
2025-08-12 16:35:26,923 - mcp.server.lowlevel.server - DEBUG - Initializing server 'sefaria_jewish_library'
2025-08-12 16:35:26,923 - mcp.server.lowlevel.server - DEBUG - Registering handler for ListToolsRequest
2025-08-12 16:35:26,923 - mcp.server.lowlevel.server - DEBUG - Registering handler for CallToolRequest
2025-08-12 16:35:26,923 - asyncio - DEBUG - Using selector: KqueueSelector
2025-08-12 16:35:26,924 - sefaria_jewish_library - INFO - Starting Jewish Library MCP server...
2025-08-12 16:36:02,611 - mcp.server.lowlevel.server - DEBUG - Initializing server 'sefaria_jewish_library'
2025-08-12 16:36:02,630 - mcp.server.lowlevel.server - DEBUG - Registering handler for ListToolsRequest
2025-08-12 16:36:02,631 - mcp.server.lowlevel.server - DEBUG - Registering handler for CallToolRequest
2025-08-12 16:36:02,658 - mcp.server.lowlevel.server - DEBUG - Initializing server 'sefaria_jewish_library'
2025-08-12 16:36:02,666 - mcp.server.lowlevel.server - DEBUG - Registering handler for ListToolsRequest
2025-08-12 16:36:02,669 - mcp.server.lowlevel.server - DEBUG - Registering handler for CallToolRequest
2025-08-12 16:36:02,669 - asyncio - DEBUG - Using selector: KqueueSelector
2025-08-12 16:36:02,669 - sefaria_jewish_library - INFO - Starting Jewish Library MCP server...
2025-08-12 16:36:02,675 - mcp.server.lowlevel.server - DEBUG - Received message: root=InitializedNotification(method='notifications/initialized', params=None, jsonrpc='2.0')
2025-08-12 16:36:02,676 - mcp.server.lowlevel.server - DEBUG - Received message: <mcp.shared.session.RequestResponder object at 0x1187e3bf0>
2025-08-12 16:36:02,677 - mcp.server.lowlevel.server - INFO - Processing request of type ListToolsRequest
2025-08-12 16:36:02,677 - mcp.server.lowlevel.server - DEBUG - Dispatching request of type ListToolsRequest
2025-08-12 16:36:02,677 - sefaria_jewish_library - DEBUG - Handling list_tools request
2025-08-12 16:36:02,678 - mcp.server.lowlevel.server - DEBUG - Response sent
2025-08-12 16:36:02,678 - mcp.server.lowlevel.server - DEBUG - Received message: <mcp.shared.session.RequestResponder object at 0x1187e3b60>
2025-08-12 16:36:02,678 - mcp.server.lowlevel.server - INFO - Processing request of type ListResourcesRequest
2025-08-12 16:36:02,678 - mcp.server.lowlevel.server - DEBUG - Response sent
2025-08-12 16:36:02,681 - mcp.server.lowlevel.server - DEBUG - Received message: <mcp.shared.session.RequestResponder object at 0x118755790>
2025-08-12 16:36:02,681 - mcp.server.lowlevel.server - INFO - Processing request of type ListPromptsRequest
2025-08-12 16:36:02,681 - mcp.server.lowlevel.server - DEBUG - Response sent
2025-08-12 16:36:03,341 - mcp.server.lowlevel.server - DEBUG - Received message: <mcp.shared.session.RequestResponder object at 0x11877c6e0>
2025-08-12 16:36:03,346 - mcp.server.lowlevel.server - INFO - Processing request of type ListToolsRequest
2025-08-12 16:36:03,346 - mcp.server.lowlevel.server - DEBUG - Dispatching request of type ListToolsRequest
2025-08-12 16:36:03,346 - sefaria_jewish_library - DEBUG - Handling list_tools request
2025-08-12 16:36:03,346 - mcp.server.lowlevel.server - DEBUG - Response sent
2025-08-12 16:36:03,347 - mcp.server.lowlevel.server - DEBUG - Received message: <mcp.shared.session.RequestResponder object at 0x11819e7b0>
2025-08-12 16:36:03,347 - mcp.server.lowlevel.server - INFO - Processing request of type ListResourcesRequest
2025-08-12 16:36:03,347 - mcp.server.lowlevel.server - DEBUG - Response sent
2025-08-12 16:36:03,350 - mcp.server.lowlevel.server - DEBUG - Received message: <mcp.shared.session.RequestResponder object at 0x118756ae0>
2025-08-12 16:36:03,354 - mcp.server.lowlevel.server - INFO - Processing request of type ListPromptsRequest
2025-08-12 16:36:03,354 - mcp.server.lowlevel.server - DEBUG - Response sent
2025-08-12 16:36:34,182 - mcp.server.lowlevel.server - DEBUG - Received message: <mcp.shared.session.RequestResponder object at 0x11877d580>
2025-08-12 16:36:34,182 - mcp.server.lowlevel.server - INFO - Processing request of type CallToolRequest
2025-08-12 16:36:34,182 - mcp.server.lowlevel.server - DEBUG - Dispatching request of type CallToolRequest
2025-08-12 16:36:34,183 - sefaria_jewish_library - DEBUG - Handling call_tool request for search_texts with arguments {'query': 'toes'}
2025-08-12 16:36:34,183 - sefaria_jewish_library - DEBUG - handle_search_texts: toes
2025-08-12 16:36:34,202 - urllib3.connectionpool - DEBUG - Starting new HTTPS connection (1): www.sefaria.org:443
2025-08-12 16:36:34,341 - mcp.server.lowlevel.server - DEBUG - Response sent
2025-08-12 16:36:38,918 - mcp.server.lowlevel.server - DEBUG - Received message: <mcp.shared.session.RequestResponder object at 0x11877ef90>
2025-08-12 16:36:38,919 - mcp.server.lowlevel.server - INFO - Processing request of type CallToolRequest
2025-08-12 16:36:38,919 - mcp.server.lowlevel.server - DEBUG - Dispatching request of type CallToolRequest
2025-08-12 16:36:38,920 - sefaria_jewish_library - DEBUG - Handling call_tool request for search_texts with arguments {'query': 'אצבעות'}
2025-08-12 16:36:38,920 - sefaria_jewish_library - DEBUG - handle_search_texts: אצבעות
2025-08-12 16:36:38,921 - urllib3.connectionpool - DEBUG - Starting new HTTPS connection (1): www.sefaria.org:443
2025-08-12 16:36:38,951 - mcp.server.lowlevel.server - DEBUG - Response sent
2025-08-12 16:40:24,677 - mcp.server.lowlevel.server - DEBUG - Received message: <mcp.shared.session.RequestResponder object at 0x11854b6b0>
2025-08-12 16:40:24,678 - mcp.server.lowlevel.server - INFO - Processing request of type CallToolRequest
2025-08-12 16:40:24,678 - mcp.server.lowlevel.server - DEBUG - Dispatching request of type CallToolRequest
2025-08-12 16:40:24,681 - sefaria_jewish_library - DEBUG - Handling call_tool request for search_texts with arguments {'query': 'toes'}
2025-08-12 16:40:24,681 - sefaria_jewish_library - DEBUG - handle_search_texts: toes
2025-08-12 16:40:24,685 - urllib3.connectionpool - DEBUG - Starting new HTTPS connection (1): www.sefaria.org:443
2025-08-12 16:40:24,722 - mcp.server.lowlevel.server - DEBUG - Response sent
2025-08-12 16:40:38,855 - mcp.server.lowlevel.server - DEBUG - Initializing server 'sefaria_jewish_library'
2025-08-12 16:40:38,857 - mcp.server.lowlevel.server - DEBUG - Registering handler for ListToolsRequest
2025-08-12 16:40:38,857 - mcp.server.lowlevel.server - DEBUG - Registering handler for CallToolRequest
2025-08-12 16:40:38,861 - mcp.server.lowlevel.server - DEBUG - Initializing server 'sefaria_jewish_library'
2025-08-12 16:40:38,861 - mcp.server.lowlevel.server - DEBUG - Registering handler for ListToolsRequest
2025-08-12 16:40:38,861 - mcp.server.lowlevel.server - DEBUG - Registering handler for CallToolRequest
2025-08-12 16:40:38,861 - asyncio - DEBUG - Using selector: KqueueSelector
2025-08-12 16:40:38,861 - sefaria_jewish_library - INFO - Starting Jewish Library MCP server...
2025-08-12 16:40:47,364 - mcp.server.lowlevel.server - DEBUG - Initializing server 'sefaria_jewish_library'
2025-08-12 16:40:47,364 - mcp.server.lowlevel.server - DEBUG - Registering handler for ListToolsRequest
2025-08-12 16:40:47,364 - mcp.server.lowlevel.server - DEBUG - Registering handler for CallToolRequest
2025-08-12 16:40:47,381 - mcp.server.lowlevel.server - DEBUG - Initializing server 'sefaria_jewish_library'
2025-08-12 16:40:47,381 - mcp.server.lowlevel.server - DEBUG - Registering handler for ListToolsRequest
2025-08-12 16:40:47,381 - mcp.server.lowlevel.server - DEBUG - Registering handler for CallToolRequest
2025-08-12 16:40:47,381 - asyncio - DEBUG - Using selector: KqueueSelector
2025-08-12 16:40:47,381 - sefaria_jewish_library - INFO - Starting Jewish Library MCP server...
2025-08-12 16:40:47,387 - mcp.server.lowlevel.server - DEBUG - Received message: root=InitializedNotification(method='notifications/initialized', params=None, jsonrpc='2.0')
2025-08-12 16:40:47,389 - mcp.server.lowlevel.server - DEBUG - Received message: <mcp.shared.session.RequestResponder object at 0x107e956a0>
2025-08-12 16:40:47,389 - mcp.server.lowlevel.server - INFO - Processing request of type ListToolsRequest
2025-08-12 16:40:47,390 - mcp.server.lowlevel.server - DEBUG - Dispatching request of type ListToolsRequest
2025-08-12 16:40:47,390 - sefaria_jewish_library - DEBUG - Handling list_tools request
2025-08-12 16:40:47,390 - mcp.server.lowlevel.server - DEBUG - Response sent
2025-08-12 16:40:47,390 - mcp.server.lowlevel.server - DEBUG - Received message: <mcp.shared.session.RequestResponder object at 0x110be7620>
2025-08-12 16:40:47,390 - mcp.server.lowlevel.server - INFO - Processing request of type ListResourcesRequest
2025-08-12 16:40:47,391 - mcp.server.lowlevel.server - DEBUG - Response sent
2025-08-12 16:40:47,393 - mcp.server.lowlevel.server - DEBUG - Received message: <mcp.shared.session.RequestResponder object at 0x107e96a80>
2025-08-12 16:40:47,394 - mcp.server.lowlevel.server - INFO - Processing request of type ListPromptsRequest
2025-08-12 16:40:47,394 - mcp.server.lowlevel.server - DEBUG - Response sent
2025-08-12 16:40:48,556 - mcp.server.lowlevel.server - DEBUG - Received message: <mcp.shared.session.RequestResponder object at 0x110bb59a0>
2025-08-12 16:40:48,558 - mcp.server.lowlevel.server - INFO - Processing request of type ListToolsRequest
2025-08-12 16:40:48,558 - mcp.server.lowlevel.server - DEBUG - Dispatching request of type ListToolsRequest
2025-08-12 16:40:48,558 - sefaria_jewish_library - DEBUG - Handling list_tools request
2025-08-12 16:40:48,558 - mcp.server.lowlevel.server - DEBUG - Response sent
2025-08-12 16:40:48,558 - mcp.server.lowlevel.server - DEBUG - Received message: <mcp.shared.session.RequestResponder object at 0x107e96a80>
2025-08-12 16:40:48,558 - mcp.server.lowlevel.server - INFO - Processing request of type ListResourcesRequest
2025-08-12 16:40:48,559 - mcp.server.lowlevel.server - DEBUG - Response sent
2025-08-12 16:40:48,568 - mcp.server.lowlevel.server - DEBUG - Received message: <mcp.shared.session.RequestResponder object at 0x110c4e090>
2025-08-12 16:40:48,570 - mcp.server.lowlevel.server - INFO - Processing request of type ListPromptsRequest
2025-08-12 16:40:48,570 - mcp.server.lowlevel.server - DEBUG - Response sent
2025-08-12 16:41:02,020 - mcp.server.lowlevel.server - DEBUG - Received message: <mcp.shared.session.RequestResponder object at 0x110be7620>
2025-08-12 16:41:02,020 - mcp.server.lowlevel.server - INFO - Processing request of type CallToolRequest
2025-08-12 16:41:02,020 - mcp.server.lowlevel.server - DEBUG - Dispatching request of type CallToolRequest
2025-08-12 16:41:02,021 - sefaria_jewish_library - DEBUG - Handling call_tool request for search_texts with arguments {'query': 'toes'}
2025-08-12 16:41:02,021 - sefaria_jewish_library - DEBUG - handle_search_texts: toes
2025-08-12 16:41:02,028 - urllib3.connectionpool - DEBUG - Starting new HTTPS connection (1): www.sefaria.org:443
2025-08-12 16:41:02,059 - mcp.server.lowlevel.server - DEBUG - Response sent
2025-08-12 16:42:02,793 - mcp.server.lowlevel.server - DEBUG - Received message: <mcp.shared.session.RequestResponder object at 0x110af7dd0>
2025-08-12 16:42:02,794 - mcp.server.lowlevel.server - INFO - Processing request of type CallToolRequest
2025-08-12 16:42:02,794 - mcp.server.lowlevel.server - DEBUG - Dispatching request of type CallToolRequest
2025-08-12 16:42:02,795 - sefaria_jewish_library - DEBUG - Handling call_tool request for search_texts with arguments {'query': 'toes'}
2025-08-12 16:42:02,795 - sefaria_jewish_library - DEBUG - handle_search_texts: toes
2025-08-12 16:42:02,796 - urllib3.connectionpool - DEBUG - Starting new HTTPS connection (2): www.sefaria.org:443
2025-08-12 16:42:03,151 - urllib3.connectionpool - DEBUG - https://www.sefaria.org:443 "POST /api/search-wrapper HTTP/1.1" 200 None
2025-08-12 16:42:03,285 - root - DEBUG - Sefaria's Search API response: {"took": 94, "timed_out": false, "_shards": {"total": 1, "successful": 1, "skipped": 0, "failed": 0}, "hits": {"total": 181, "max_score": 424456.28, "hits": [{"_index": "text-a", "_id": "Exodus 21:26 (The Kehot Chumash; Chabad House Publications, Los Angeles [en])", "_score": 424456.28, "_source": {"ref": "Exodus 21:26", "heRef": "שמות כ״א:כ״ו", "version": "The Kehot Chumash; Chabad House Publications, Los Angeles", "lang": "en", "version_priority": 4, "titleVariants": ["Exod.", "Ex.", "Exo", "Shmot", "Shemot", "Ex", "Exo.", "Exod", "Shemoth", "Shemos", "Exodus"], "categories": ["Tanakh", "Torah"], "order": "A00000000100210026", "path": "Tanakh/Torah/Exodus", "pagesheetrank": 29528.755957404624, "comp_date": -1400, "exact": " The Non-Jewish Bondservant, continued The law of release after six years, at the Jubilee year, or upon the onset of puberty, does not apply to non-Jewish bondservants. They serve for life or for the term for which they were bought, unless someone pays for their release or their master frees them. When their master frees them, they become full Israelites. If , however, a person strikes the eye of his non-Jewish bondman or the eye of his non-Jewish bondwoman and ruins his eyesight , he must free him or her as compensation for the loss of his or her eye . The same applies if the master strikes and destroys any of the bondservant’s fingers, toes, ears, nose, or his reproductive organ. 45 Mishneh Torah, Isurei Bi’ah 13:12; cf. Rashi on Leviticus 19:20.", "naive_lemmatizer": " The Non-Jewish Bondservant, continued The law of release after six years, at the Jubilee year, or upon the onset of puberty, does not apply to non-Jewish bondservants. They serve for life or for the term for which they were bought, unless someone pays for their release or their master frees them. When their master frees them, they become full Israelites. If , however, a person strikes the eye of his non-Jewish bondman or the eye of his non-Jewish bondwoman and ruins his eyesight , he must free him or her as compensation for the loss of his or her eye . The same applies if the master strikes and destroys any of the bondservant’s fingers, toes, ears, nose, or his reproductive organ. 45 Mishneh Torah, Isurei Bi’ah 13:12; cf. Rashi on Leviticus 19:20.", "hebrew_version_title": null, "languageFamilyName": "english", "isPrimary": false}, "highlight": {"naive_lemmatizer": ["The same applies if the master strikes and destroys any of the bondservant’s fingers, <b>toes</b>, ears, nose, or his reproductive organ. 45 Mishneh Torah, Isurei Bi’ah 13:12; cf. Rashi on Leviticus 19:20."]}}, {"_index": "text-a", "_id": "Mishnah Chullin 3:6 (Sefaria Community Translation [en])", "_score": 61789.098, "_source": {"ref": "Mishnah Chullin 3:6", "heRef": "משנה חולין ג׳:ו׳", "version": "Sefaria Community Translation", "lang": "en", "version_priority": 4, "titleVariants": ["M. Chullin", "Mishna Chullin", "M Chullin", "Mishnah Ḥull.", "Mishnah Ḥullin", "Mishnah Chullin"], "categories": ["Mishnah", "Seder Kodashim"], "order": "A00100400200030006", "path": "Mishnah/Seder Kodashim/Mishnah Chullin", "pagesheetrank": 3659.088792567304, "comp_date": 190, "exact": "The signs of cattle and a wild animal are stated from the Torah, but the signs of a bird are not stated. But the Sages said, \"Any bird which attacks [prey] is prohibited. Any that has an extra digit, a crop, and gizzard that peels [away] is permitted.\" Rabbi Eliezer ben Rebbi Tzadok says, \"Every bird which parts its toes is prohibited.\"", "naive_lemmatizer": "The signs of cattle and a wild animal are stated from the Torah, but the signs of a bird are not stated. But the Sages said, \"Any bird which attacks [prey] is prohibited. Any that has an extra digit, a crop, and gizzard that peels [away] is permitted.\" Rabbi Eliezer ben Rebbi Tzadok says, \"Every bird which parts its toes is prohibited.\"", "hebrew_version_title": "תרגום קהילת ספריא", "languageFamilyName": "english", "isPrimary": false}, "highlight": {"naive_lemmatizer": ["Rabbi Eliezer ben Rebbi Tzadok says, \"Every bird which parts its <b>toes</b> is prohibited.\""]}}, {"_index": "text-a", "_id": "Mishnah Chullin 3:6 (Mishnah Yomit by Dr. Joshua Kulp [en])", "_score": 61225.934, "_source": {"ref": "Mishnah Chullin 3:6", "heRef": "משנה חולין ג׳:ו׳", "version": "Mishnah Yomit by Dr. Joshua Kulp", "lang": "en", "version_priority": 1, "titleVariants": ["M. Chullin", "Mishna Chullin", "M Chullin", "Mishnah Ḥull.", "Mishnah Ḥullin", "Mishnah Chullin"], "categories": ["Mishnah", "Seder Kodashim"], "order": "A00100400200030006", "path": "Mishnah/Seder Kodashim/Mishnah Chullin", "pagesheetrank": 3659.088792567304, "comp_date": 190, "exact": "The characteristics of cattle and of wild animals are stated in the Torah. The characteristics of birds are not stated, but the sages said: every bird that seizes its prey is unclean. Every bird that has an extra toe, or a crop and a gizzard that can be peeled, is clean. Rabbi Elazar bar Zadok says: every bird that parts its toes is unclean.", "naive_lemmatizer": "The characteristics of cattle and of wild animals are stated in the Torah. The characteristics of birds are not stated, but the sages said: every bird that seizes its prey is unclean. Every bird that has an extra toe, or a crop and a gizzard that can be peeled, is clean. Rabbi Elazar bar Zadok says: every bird that parts its toes is unclean.", "hebrew_version_title": null, "languageFamilyName": "english", "isPrimary": false}, "highlight": {"naive_lemmatizer": ["Rabbi Elazar bar Zadok says: every bird that parts its <b>toes</b> is unclean."]}}, {"_index": "text-a", "_id": "Mishnah Chullin 3:6 (Eighteen Treatises from the Mishna [en])", "_score": 57065.05, "_source": {"ref": "Mishnah Chullin 3:6", "heRef": "משנה חולין ג׳:ו׳", "version": "Eighteen Treatises from the Mishna", "lang": "en", "version_priority": 5, "titleVariants": ["M. Chullin", "Mishna Chullin", "M Chullin", "Mishnah Ḥull.", "Mishnah Ḥullin", "Mishnah Chullin"], "categories": ["Mishnah", "Seder Kodashim"], "order": "A00100400200030006", "path": "Mishnah/Seder Kodashim/Mishnah Chullin", "pagesheetrank": 3659.088792567304, "comp_date": 190, "exact": "The signs by which the clean animals, domestic and wild, may be distinguished [from the unclean and prohibited ones] are mentioned in the Holy Law, but not those of fowl. The sages have, however, established, \"That every [predaceous] bird, which strikes its talons into its prey, is of the unclean: every bird which has an additional claw, a crop, and of which the internal coat of the stomach may be readily peeled off, is of the clean species.\" R. Eleazar ben Zadok saith, \"Every bird which [when placed on a perch] divides its toes equally, is an unclean one.\"", "naive_lemmatizer": "The signs by which the clean animals, domestic and wild, may be distinguished [from the unclean and prohibited ones] are mentioned in the Holy Law, but not those of fowl. The sages have, however, established, \"That every [predaceous] bird, which strikes its talons into its prey, is of the unclean: every bird which has an additional claw, a crop, and of which the internal coat of the stomach may be readily peeled off, is of the clean species.\" R. Eleazar ben Zadok saith, \"Every bird which [when placed on a perch] divides its toes equally, is an unclean one.\"", "hebrew_version_title": "שמונה עשרה מסכתות משנה", "languageFamilyName": "english", "isPrimary": false}, "highlight": {"naive_lemmatizer": ["Eleazar ben Zadok saith, \"Every bird which [when placed on a perch] divides its <b>toes</b> equally, is an unclean one.\""]}}, {"_index": "text-a", "_id": "Judges 1:7 (The Metsudah Tanach series, Lakewood, N.J [en])", "_score": 43975.797, "_source": {"ref": "Judges 1:7", "heRef": "שופטים א׳:ז׳", "version": "The Metsudah Tanach series, Lakewood, N.J", "lang": "en", "version_priority": 2, "titleVariants": ["Shoftim", "Jdg", "Judg", "Jdg.", "Judg.", "Jud.", "Judices", "Shofetim", "Juges", "Judges"], "categories": ["Tanakh", "Prophets"], "order": "A00000100100010007", "path": "Tanakh/Prophets/Judges", "pagesheetrank": 2430.5370377268355, "comp_date": -1300, "exact": "Adonibezek said, \"Seventy kings with amputated thumbs and big toes were scavengers under my table. God has punished me according to my actions.\" They brought him to Yerushalayim, where he died.", "naive_lemmatizer": "Adonibezek said, \"Seventy kings with amputated thumbs and big toes were scavengers under my table. God has punished me according to my actions.\" They brought him to Yerushalayim, where he died.", "hebrew_version_title": null, "languageFamilyName": "english", "isPrimary": false}, "highlight": {"naive_lemmatizer": ["Adonibezek said, \"Seventy kings with amputated thumbs and big <b>toes</b> were scavengers under my table. God has punished me according to my actions.\" They brought him to Yerushalayim, where he died."]}}, {"_index": "text-a", "_id": "Judges 1:7 (Sefaria Community Translation [en])", "_score": 43440.64, "_source": {"ref": "Judges 1:7", "heRef": "שופטים א׳:ז׳", "version": "Sefaria Community Translation", "lang": "en", "version_priority": 8, "titleVariants": ["Shoftim", "Jdg", "Judg", "Jdg.", "Judg.", "Jud.", "Judices", "Shofetim", "Juges", "Judges"], "categories": ["Tanakh", "Prophets"], "order": "A00000100100010007", "path": "Tanakh/Prophets/Judges", "pagesheetrank": 2430.5370377268355, "comp_date": -1300, "exact": "7 Adoni-Bezek said, \"The cut-off thumbs and toes of seventy kings were gathered under my table; like I have done, so God has repaid me.\" They brought him to Yerushalayim and he died there.", "naive_lemmatizer": "7 Adoni-Bezek said, \"The cut-off thumbs and toes of seventy kings were gathered under my table; like I have done, so God has repaid me.\" They brought him to Yerushalayim and he died there.", "hebrew_version_title": null, "languageFamilyName": "english", "isPrimary": false}, "highlight": {"naive_lemmatizer": ["7 Adoni-Bezek said, \"The cut-off thumbs and <b>toes</b> of seventy kings were gathered under my table; like I have done, so God has repaid me.\" They brought him to Yerushalayim and he died there."]}}, {"_index": "text-a", "_id": "Judges 1:7 (THE JPS TANAKH: Gender-Sensitive Edition [en])", "_score": 43125.75, "_source": {"ref": "Judges 1:7", "heRef": "שופטים א׳:ז׳", "version": "THE JPS TANAKH: Gender-Sensitive Edition", "lang": "en", "version_priority": 0, "titleVariants": ["Shoftim", "Jdg", "Judg", "Jdg.", "Judg.", "Jud.", "Judices", "Shofetim", "Juges", "Judges"], "categories": ["Tanakh", "Prophets"], "order": "A00000100100010007", "path": "Tanakh/Prophets/Judges", "pagesheetrank": 2430.5370377268355, "comp_date": -1300, "exact": "And Adoni-bezek said, “Seventy kings, with thumbs and big toes cut off, used to pick up scraps under my table; as I have done, so God has requited me.” They brought him to Jerusalem and he died there.", "naive_lemmatizer": "And Adoni-bezek said, “Seventy kings, with thumbs and big toes cut off, used to pick up scraps under my table; as I have done, so God has requited me.” They brought him to Jerusalem and he died there.", "hebrew_version_title": null, "languageFamilyName": "english", "isPrimary": false}, "highlight": {"naive_lemmatizer": ["And Adoni-bezek said, “Seventy kings, with thumbs and big <b>toes</b> cut off, used to pick up scraps under my table; as I have done, so God has requited me.” They brought him to Jerusalem and he died there."]}}, {"_index": "text-a", "_id": "Judges 1:7 (Tanakh: The Holy Scriptures, published by JPS [en])", "_score": 43125.75, "_source": {"ref": "Judges 1:7", "heRef": "שופטים א׳:ז׳", "version": "Tanakh: The Holy Scriptures, published by JPS", "lang": "en", "version_priority": 1, "titleVariants": ["Shoftim", "Jdg", "Judg", "Jdg.", "Judg.", "Jud.", "Judices", "Shofetim", "Juges", "Judges"], "categories": ["Tanakh", "Prophets"], "order": "A00000100100010007", "path": "Tanakh/Prophets/Judges", "pagesheetrank": 2430.5370377268355, "comp_date": -1300, "exact": "And Adoni-bezek said, “Seventy kings, with thumbs and big toes cut off, used to pick up scraps under my table; as I have done, so God has requited me.” They brought him to Jerusalem and he died there.", "naive_lemmatizer": "And Adoni-bezek said, “Seventy kings, with thumbs and big toes cut off, used to pick up scraps under my table; as I have done, so God has requited me.” They brought him to Jerusalem and he died there.", "hebrew_version_title": null, "languageFamilyName": "english", "isPrimary": false}, "highlight": {"naive_lemmatizer": ["And Adoni-bezek said, “Seventy kings, with thumbs and big <b>toes</b> cut off, used to pick up scraps under my table; as I have done, so God has requited me.” They brought him to Jerusalem and he died there."]}}, {"_index": "text-a", "_id": "Judges 1:7 (The Koren Jerusalem Bible [en])", "_score": 43125.75, "_source": {"ref": "Judges 1:7", "heRef": "שופטים א׳:ז׳", "version": "The Koren Jerusalem Bible", "lang": "en", "version_priority": 5, "titleVariants": ["Shoftim", "Jdg", "Judg", "Jdg.", "Judg.", "Jud.", "Judices", "Shofetim", "Juges", "Judges"], "categories": ["Tanakh", "Prophets"], "order": "A00000100100010007", "path": "Tanakh/Prophets/Judges", "pagesheetrank": 2430.5370377268355, "comp_date": -1300, "exact": "And Adoni-bezeq said, Seventy kings, having their thumbs and their great toes cut off, gathered food under my table: as I have done, so God has requited me. And they brought him to Yerushalayim, and there he died.", "naive_lemmatizer": "And Adoni-bezeq said, Seventy kings, having their thumbs and their great toes cut off, gathered food under my table: as I have done, so God has requited me. And they brought him to Yerushalayim, and there he died.", "hebrew_version_title": null, "languageFamilyName": "english", "isPrimary": false}, "highlight": {"naive_lemmatizer": ["And Adoni-bezeq said, Seventy kings, having their thumbs and their great <b>toes</b> cut off, gathered food under my table: as I have done, so God has requited me."]}}, {"_index": "text-a", "_id": "Judges 1:7 (The Holy Scriptures: A New Translation (JPS 1917) [en])", "_score": 43021.805, "_source": {"ref": "Judges 1:7", "heRef": "שופטים א׳:ז׳", "version": "The Holy Scriptures: A New Translation (JPS 1917)", "lang": "en", "version_priority": 3, "titleVariants": ["Shoftim", "Jdg", "Judg", "Jdg.", "Judg.", "Jud.", "Judices", "Shofetim", "Juges", "Judges"], "categories": ["Tanakh", "Prophets"], "order": "A00000100100010007", "path": "Tanakh/Prophets/Judges", "pagesheetrank": 2430.5370377268355, "comp_date": -1300, "exact": "And Adoni-bezek said: ‘Threescore and ten kings, having their thumbs and their great toes cut off, gathered food under my table; as I have done, so God hath requited me.’ And they brought him to Jerusalem, and he died there.", "naive_lemmatizer": "And Adoni-bezek said: ‘Threescore and ten kings, having their thumbs and their great toes cut off, gathered food under my table; as I have done, so God hath requited me.’ And they brought him to Jerusalem, and he died there.", "hebrew_version_title": "כתבי הקודש: תרגום חדש (1917 JPS)", "languageFamilyName": "english", "isPrimary": false}, "highlight": {"naive_lemmatizer": ["And Adoni-bezek said: ‘Threescore and ten kings, having their thumbs and their great <b>toes</b> cut off, gathered food under my table; as I have done, so God hath requited me.’"]}}]}}
2025-08-12 16:42:03,285 - root - DEBUG - formated results: ['Reference: Exodus 21:26\n Hebrew Reference: שמות כ״א:כ״ו\n Highlight: The same applies if the master strikes and destroys any of the bondservant’s fingers, <b>toes</b>, ears, nose, or his reproductive organ. 45 Mishneh Torah, Isurei Bi’ah 13:12; cf. Rashi on Leviticus 19:20.\n', 'Reference: Mishnah Chullin 3:6\n Hebrew Reference: משנה חולין ג׳:ו׳\n Highlight: Rabbi Eliezer ben Rebbi Tzadok says, "Every bird which parts its <b>toes</b> is prohibited."\n', 'Reference: Mishnah Chullin 3:6\n Hebrew Reference: משנה חולין ג׳:ו׳\n Highlight: Rabbi Elazar bar Zadok says: every bird that parts its <b>toes</b> is unclean.\n', 'Reference: Mishnah Chullin 3:6\n Hebrew Reference: משנה חולין ג׳:ו׳\n Highlight: Eleazar ben Zadok saith, "Every bird which [when placed on a perch] divides its <b>toes</b> equally, is an unclean one."\n', 'Reference: Judges 1:7\n Hebrew Reference: שופטים א׳:ז׳\n Highlight: Adonibezek said, "Seventy kings with amputated thumbs and big <b>toes</b> were scavengers under my table. God has punished me according to my actions." They brought him to Yerushalayim, where he died.\n', 'Reference: Judges 1:7\n Hebrew Reference: שופטים א׳:ז׳\n Highlight: 7 Adoni-Bezek said, "The cut-off thumbs and <b>toes</b> of seventy kings were gathered under my table; like I have done, so God has repaid me." They brought him to Yerushalayim and he died there.\n', 'Reference: Judges 1:7\n Hebrew Reference: שופטים א׳:ז׳\n Highlight: And Adoni-bezek said, “Seventy kings, with thumbs and big <b>toes</b> cut off, used to pick up scraps under my table; as I have done, so God has requited me.” They brought him to Jerusalem and he died there.\n', 'Reference: Judges 1:7\n Hebrew Reference: שופטים א׳:ז׳\n Highlight: And Adoni-bezek said, “Seventy kings, with thumbs and big <b>toes</b> cut off, used to pick up scraps under my table; as I have done, so God has requited me.” They brought him to Jerusalem and he died there.\n', 'Reference: Judges 1:7\n Hebrew Reference: שופטים א׳:ז׳\n Highlight: And Adoni-bezeq said, Seventy kings, having their thumbs and their great <b>toes</b> cut off, gathered food under my table: as I have done, so God has requited me.\n', 'Reference: Judges 1:7\n Hebrew Reference: שופטים א׳:ז׳\n Highlight: And Adoni-bezek said: ‘Threescore and ten kings, having their thumbs and their great <b>toes</b> cut off, gathered food under my table; as I have done, so God hath requited me.’\n']
2025-08-12 16:42:03,285 - mcp.server.lowlevel.server - DEBUG - Response sent
2025-08-12 16:46:07,469 - mcp.server.lowlevel.server - DEBUG - Received message: <mcp.shared.session.RequestResponder object at 0x110ab1a00>
2025-08-12 16:46:07,469 - mcp.server.lowlevel.server - INFO - Processing request of type CallToolRequest
2025-08-12 16:46:07,470 - mcp.server.lowlevel.server - DEBUG - Dispatching request of type CallToolRequest
2025-08-12 16:46:07,470 - sefaria_jewish_library - DEBUG - Handling call_tool request for search_texts with arguments {'query': 'shabbat'}
2025-08-12 16:46:07,471 - sefaria_jewish_library - DEBUG - handle_search_texts: shabbat
2025-08-12 16:46:07,745 - urllib3.connectionpool - DEBUG - https://www.sefaria.org:443 "POST /api/search-wrapper HTTP/1.1" 200 None
2025-08-12 16:46:07,881 - root - DEBUG - Sefaria's Search API response: {"took": 89, "timed_out": false, "_shards": {"total": 1, "successful": 1, "skipped": 0, "failed": 0}, "hits": {"total": 10000, "max_score": 4966663.0, "hits": [{"_index": "text-a", "_id": "Pirkei Avot 5:6 (Sefaria Community Translation [en])", "_score": 4966663.0, "_source": {"ref": "Pirkei Avot 5:6", "heRef": "משנה אבות ה׳:ו׳", "version": "Sefaria Community Translation", "lang": "en", "version_priority": 4, "titleVariants": ["Avot", "M Avot", "Mishna Avot", "M. Avot", "Avoth", "Perkei Avot", "Mishnah Avot", "Pirke Abot", "Ethics of the Fathers", "<i>Ethics of the Fathers</i>", "<i>Pirkei Avot</i>", "Pir. Av.", "Ab.", "Aboth", "Mishnah Ab.", "Mishnah Aboth", "Pir. Ab.", "Avos", "Pirkei Avos", "Pirkei Avot"], "categories": ["Mishnah", "Seder Nezikin"], "order": "A00100300800050006", "path": "Mishnah/Seder Nezikin/Pirkei Avot", "pagesheetrank": 626287.286920008, "comp_date": 190, "exact": "Ten things were created on the eve of the [first] Shabbat at twilight. And these are they: The mouth of the earth [that swallowed Korach in Numbers 16:32]; and the mouth of the well [that accompanied the Israelites in the wilderness in Numbers 21:17]; and the mouth of the donkey [that spoke to Bilaam in Numbers 22:28–30]; and the rainbow [that served as a covenant after the flood in Genesis 9:13]; and the manna [that God provided the Israelites in the wilderness in Exodus 16:4–21]; and the staff [of Moshe]; and the shamir ; and the letters; and the writing; and the tablets [all of the latter three, of the Ten Commandments]. And some say, also the destructive spirits, and the burial place of Moshe, our teacher, and the ram of Abraham, our father. And some say, also the [first human-made] tongs, made with [Divine] tongs.", "naive_lemmatizer": "Ten things were created on the eve of the [first] Shabbat at twilight. And these are they: The mouth of the earth [that swallowed Korach in Numbers 16:32]; and the mouth of the well [that accompanied the Israelites in the wilderness in Numbers 21:17]; and the mouth of the donkey [that spoke to Bilaam in Numbers 22:28–30]; and the rainbow [that served as a covenant after the flood in Genesis 9:13]; and the manna [that God provided the Israelites in the wilderness in Exodus 16:4–21]; and the staff [of Moshe]; and the shamir ; and the letters; and the writing; and the tablets [all of the latter three, of the Ten Commandments]. And some say, also the destructive spirits, and the burial place of Moshe, our teacher, and the ram of Abraham, our father. And some say, also the [first human-made] tongs, made with [Divine] tongs.", "hebrew_version_title": "תרגום קהילת ספריא", "languageFamilyName": "english", "isPrimary": false}, "highlight": {"naive_lemmatizer": ["Ten things were created on the eve of the [first] <b>Shabbat</b> at twilight."]}}, {"_index": "text-a", "_id": "Mishneh Torah, Repentance 2:1 (Mishnah Torah, Yod ha-hazakah, trans. by Simon Glazer, 1927 [en])", "_score": 4365629.0, "_source": {"ref": "Mishneh Torah, Repentance 2:1", "heRef": "משנה תורה, הלכות תשובה ב׳:א׳", "version": "Mishnah Torah, Yod ha-hazakah, trans. by Simon Glazer, 1927", "lang": "en", "version_priority": 1, "titleVariants": ["Mishneh Torah, Laws of Repentance", "Mishneh Torah, Teshuvah", "Rambam, Laws of Repentance", "Rambam, Repentance", "Mishneh Torah, Hilchot Teshuvah", "Rambam, Teshuvah", "Rambam, Hilchot Teshuvah", "Mishneh Torah, Hilkhot Teshuvah", "Rambam, Hilkhot Teshuvah", "Hilkhot Teshuva", "Hilchot Teshuva", "Rambam, Hilkhot Teshuva", "Rambam, Hilchot Teshuva", "Mishneh Torah, Hilkhot Teshuva", "Mishneh Torah, Hilchot Teshuva", "Maimonides, Hilkhoth Teshubah", "Mishneh Torah, Repentance"], "categories": ["Halakhah", "Mishneh Torah", "Sefer Madda"], "order": "A00400000100400020001", "path": "Halakhah/Mishneh Torah/Sefer Madda/Mishneh Torah, Repentance", "pagesheetrank": 634085.7992167557, "comp_date": 1176, "exact": "What is complete repentance? He who once more had in it in his power to repeat a violation, but separated himself therefrom, and did not do it because of repentance, not out of fear or lack of strength. For example? One who knew a woman sinfully, and after a process of time he met her again privately, and he still loving her as theretofore, and he being in a state of potency, and the meeting is in the same land where the sin was first committed, if he parted without sinning, he has attained complete repentance. Of such Solomon said: \"Remember then thy Creator in the days of thy youth\" . Even if he made no reparation save in his old age, at a time when it was already impossible for him to repeat his misdeeds, although it is not the best repentance, it still is of help to him and he is considered a penitent. Moreover, though he continued a life of sin but did repent on his dying day, and did die a penitent, all of his sins are forgiven, even as it is said: \"While the sun, or the light, or the moon, or the stars, be not darkened, nor the clouds return after the rain\" , yea, that is the day of death. Deduct herefrom that if he remembered his Creator and did repent ere he died, he was forgiven. 1 Ibid. 86b; Kiddushin, 40b; Shabbat, 151a. C.", "naive_lemmatizer": "What is complete repentance? He who once more had in it in his power to repeat a violation, but separated himself therefrom, and did not do it because of repentance, not out of fear or lack of strength. For example? One who knew a woman sinfully, and after a process of time he met her again privately, and he still loving her as theretofore, and he being in a state of potency, and the meeting is in the same land where the sin was first committed, if he parted without sinning, he has attained complete repentance. Of such Solomon said: \"Remember then thy Creator in the days of thy youth\" . Even if he made no reparation save in his old age, at a time when it was already impossible for him to repeat his misdeeds, although it is not the best repentance, it still is of help to him and he is considered a penitent. Moreover, though he continued a life of sin but did repent on his dying day, and did die a penitent, all of his sins are forgiven, even as it is said: \"While the sun, or the light, or the moon, or the stars, be not darkened, nor the clouds return after the rain\" , yea, that is the day of death. Deduct herefrom that if he remembered his Creator and did repent ere he died, he was forgiven. 1 Ibid. 86b; Kiddushin, 40b; Shabbat, 151a. C.", "hebrew_version_title": "משנה תורה, יד החזקה, תורגם ע״י סיימון גלייזר, 1927", "languageFamilyName": "english", "isPrimary": false}, "highlight": {"naive_lemmatizer": ["Deduct herefrom that if he remembered his Creator and did repent ere he died, he was forgiven. 1 Ibid. 86b; Kiddushin, 40b; <b>Shabbat</b>, 151a. C."]}}, {"_index": "text-a", "_id": "Exodus 19:17 (The Kehot Chumash; Chabad House Publications, Los Angeles [en])", "_score": 4070585.5, "_source": {"ref": "Exodus 19:17", "heRef": "שמות י״ט:י״ז", "version": "The Kehot Chumash; Chabad House Publications, Los Angeles", "lang": "en", "version_priority": 4, "titleVariants": ["Exod.", "Ex.", "Exo", "Shmot", "Shemot", "Ex", "Exo.", "Exod", "Shemoth", "Shemos", "Exodus"], "categories": ["Tanakh", "Torah"], "order": "A00000000100190017", "path": "Tanakh/Torah/Exodus", "pagesheetrank": 513293.5238936728, "comp_date": -1400, "exact": "God’s presence was palpably coming from all four directions toward the people, in order not to overwhelm them with the intensity of a direct revelation from only one direction. Nonetheless, His presence was felt approaching chiefly from Mount Sinai, accompanied by a retinue of some of His angels, like a bridegroom going to greet his bride. In response, Moses led the people out of the camp toward the Divine Presence, and they took their places at the foot of the mountain. God uprooted the mountain and suspended it over the people, threatening to crush them under it if they would not accept the Torah. But the people accepted this compulsion willingly by lovingly crowding under the mountain. Seeing this, God had the people retreat and lowered the mountain back to the ground. 79 Rashi on Deuteronomy 32:11. 80 Rashi here and on Deuteronomy 33:2. 81 Rashi on Deuteronomy 33:3 and Shabbat 88a.", "naive_lemmatizer": "God’s presence was palpably coming from all four directions toward the people, in order not to overwhelm them with the intensity of a direct revelation from only one direction. Nonetheless, His presence was felt approaching chiefly from Mount Sinai, accompanied by a retinue of some of His angels, like a bridegroom going to greet his bride. In response, Moses led the people out of the camp toward the Divine Presence, and they took their places at the foot of the mountain. God uprooted the mountain and suspended it over the people, threatening to crush them under it if they would not accept the Torah. But the people accepted this compulsion willingly by lovingly crowding under the mountain. Seeing this, God had the people retreat and lowered the mountain back to the ground. 79 Rashi on Deuteronomy 32:11. 80 Rashi here and on Deuteronomy 33:2. 81 Rashi on Deuteronomy 33:3 and Shabbat 88a.", "hebrew_version_title": null, "languageFamilyName": "english", "isPrimary": false}, "highlight": {"naive_lemmatizer": ["Seeing this, God had the people retreat and lowered the mountain back to the ground. 79 Rashi on Deuteronomy 32:11. 80 Rashi here and on Deuteronomy 33:2. 81 Rashi on Deuteronomy 33:3 and <b>Shabbat</b> 88a."]}}, {"_index": "text-a", "_id": "Mishnah Shabbat 7:2 (William Davidson Edition - English [en])", "_score": 2242800.8, "_source": {"ref": "Mishnah Shabbat 7:2", "heRef": "משנה שבת ז׳:ב׳", "version": "William Davidson Edition - English", "lang": "en", "version_priority": 0, "titleVariants": ["M Shabbat", "M. Shabbat", "Mishna Shabbat", "Mishnah Shab.", "Mishnah Sabb.", "Mishnah Sabbath", "Mishnah Shabbat"], "categories": ["Mishnah", "Seder Moed"], "order": "A00100100000070002", "path": "Mishnah/Seder Moed/Mishnah Shabbat", "pagesheetrank": 385875.0422632018, "comp_date": 190, "exact": "This fundamental mishna enumerates those who perform the primary categories of labor prohibited on Shabbat, which number forty-less-one. They are grouped in accordance with their function: One who sows, and one who plows, and one who reaps, and one who gathers sheaves into a pile, and one who threshes, removing the kernel from the husk, and one who winnows threshed grain in the wind, and one who selects the inedible waste from the edible, and one who grinds, and one who sifts the flour in a sieve, and one who kneads dough, and one who bakes. Additional primary categories of prohibited labor are the following: One who shears wool, and one who whitens it, and one who combs the fleece and straightens it, and one who dyes it, and one who spins the wool, and one who stretches the threads of the warp in the loom, and one who constructs two meshes, tying the threads of the warp to the base of the loom, and one who weaves two threads, and one who severs two threads for constructive purposes, and one who ties a knot, and one who unties a knot, and one who sews two stitches with a needle, as well as one who tears a fabric in order to sew two stitches. One who traps a deer, or any living creature, and one who slaughters it, and one who flays it, and one who salts its hide, a step in the tanning process, and one who tans its hide, and one who smooths it, removing hairs and veins, and one who cuts it into measured parts. One who writes two letters and one who erases in order to write two letters. One who builds a structure, and one who dismantles it, one who extinguishes a fire, and one who kindles a fire. One who strikes a blow with a hammer to complete the production process of a vessel , and one who carries out an object from domain to domain. All these are primary categories of labor, and they number forty-less-one. ", "naive_lemmatizer": "This fundamental mishna enumerates those who perform the primary categories of labor prohibited on Shabbat, which number forty-less-one. They are grouped in accordance with their function: One who sows, and one who plows, and one who reaps, and one who gathers sheaves into a pile, and one who threshes, removing the kernel from the husk, and one who winnows threshed grain in the wind, and one who selects the inedible waste from the edible, and one who grinds, and one who sifts the flour in a sieve, and one who kneads dough, and one who bakes. Additional primary categories of prohibited labor are the following: One who shears wool, and one who whitens it, and one who combs the fleece and straightens it, and one who dyes it, and one who spins the wool, and one who stretches the threads of the warp in the loom, and one who constructs two meshes, tying the threads of the warp to the base of the loom, and one who weaves two threads, and one who severs two threads for constructive purposes, and one who ties a knot, and one who unties a knot, and one who sews two stitches with a needle, as well as one who tears a fabric in order to sew two stitches. One who traps a deer, or any living creature, and one who slaughters it, and one who flays it, and one who salts its hide, a step in the tanning process, and one who tans its hide, and one who smooths it, removing hairs and veins, and one who cuts it into measured parts. One who writes two letters and one who erases in order to write two letters. One who builds a structure, and one who dismantles it, one who extinguishes a fire, and one who kindles a fire. One who strikes a blow with a hammer to complete the production process of a vessel , and one who carries out an object from domain to domain. All these are primary categories of labor, and they number forty-less-one. ", "hebrew_version_title": null, "languageFamilyName": "english", "isPrimary": false}, "highlight": {"naive_lemmatizer": ["This fundamental mishna enumerates those who perform the primary categories of labor prohibited on <b>Shabbat</b>, which number forty-less-one."]}}, {"_index": "text-a", "_id": "Mishneh Torah, Repentance 2:2 (Mishnah Torah, Yod ha-hazakah, trans. by Simon Glazer, 1927 [en])", "_score": 2016362.2, "_source": {"ref": "Mishneh Torah, Repentance 2:2", "heRef": "משנה תורה, הלכות תשובה ב׳:ב׳", "version": "Mishnah Torah, Yod ha-hazakah, trans. by Simon Glazer, 1927", "lang": "en", "version_priority": 1, "titleVariants": ["Mishneh Torah, Laws of Repentance", "Mishneh Torah, Teshuvah", "Rambam, Laws of Repentance", "Rambam, Repentance", "Mishneh Torah, Hilchot Teshuvah", "Rambam, Teshuvah", "Rambam, Hilchot Teshuvah", "Mishneh Torah, Hilkhot Teshuvah", "Rambam, Hilkhot Teshuvah", "Hilkhot Teshuva", "Hilchot Teshuva", "Rambam, Hilkhot Teshuva", "Rambam, Hilchot Teshuva", "Mishneh Torah, Hilkhot Teshuva", "Mishneh Torah, Hilchot Teshuva", "Maimonides, Hilkhoth Teshubah", "Mishneh Torah, Repentance"], "categories": ["Halakhah", "Mishneh Torah", "Sefer Madda"], "order": "A00400000100400020002", "path": "Halakhah/Mishneh Torah/Sefer Madda/Mishneh Torah, Repentance", "pagesheetrank": 246538.31204909337, "comp_date": 1176, "exact": "What is repentance? The sinner shall cease sinning, and remove sin from his thoughts, and wholeheartedly conclude not to revert back to it, even as it is said: \"Let the wicked forsake his way\" ; so, too, shall he be remorseful on what was past, even as it is said: \"Surely after that I was turned, I repented\" . In addition thereto he should take to witness Him Who knoweth all secrets that forever he will not turn to repeat that sin again, according to what it is said: \"Say unto Him.… neither will we call any more the work of our hands our gods\" . It is, moreover, essential that his confession shall be by spoken words of his lips, and all that which he concluded in his heart shall be formed in speech. 2 Yoma, 57b; Shabbat, 121. G.", "naive_lemmatizer": "What is repentance? The sinner shall cease sinning, and remove sin from his thoughts, and wholeheartedly conclude not to revert back to it, even as it is said: \"Let the wicked forsake his way\" ; so, too, shall he be remorseful on what was past, even as it is said: \"Surely after that I was turned, I repented\" . In addition thereto he should take to witness Him Who knoweth all secrets that forever he will not turn to repeat that sin again, according to what it is said: \"Say unto Him.… neither will we call any more the work of our hands our gods\" . It is, moreover, essential that his confession shall be by spoken words of his lips, and all that which he concluded in his heart shall be formed in speech. 2 Yoma, 57b; Shabbat, 121. G.", "hebrew_version_title": "משנה תורה, יד החזקה, תורגם ע״י סיימון גלייזר, 1927", "languageFamilyName": "english", "isPrimary": false}, "highlight": {"naive_lemmatizer": ["It is, moreover, essential that his confession shall be by spoken words of his lips, and all that which he concluded in his heart shall be formed in speech. 2 Yoma, 57b; <b>Shabbat</b>, 121. G."]}}, {"_index": "text-a", "_id": "Shabbat 23b:3 (William Davidson Edition - English [en])", "_score": 1713740.9, "_source": {"ref": "Shabbat 23b:3", "heRef": "שבת כ״ג ב:ג׳", "version": "William Davidson Edition - English", "lang": "en", "version_priority": 0, "titleVariants": ["Masekhet Shabbat", "Shabbos", "Shabbath", "Talmud Shabbat", "Tractate Shabbat", "Shab.", "Sabb.", "Sabbath", "BT Shabbat", "Shabbat"], "categories": ["Talmud", "Bavli", "Seder Moed"], "order": "A00200000100000460003", "path": "Talmud/Bavli/Seder Moed/Shabbat", "pagesheetrank": 155430.38887963092, "comp_date": 450, "exact": " Rava said: It is obvious to me that there is a fixed list of priorities. When a person is poor and must choose between purchasing oil to light a Shabbat lamp for his home or purchasing oil to light a Hanukkah lamp, the Shabbat lamp for his home takes precedence. That is due to peace in his home; without the light of that lamp, his family would be sitting and eating their meal in the dark. Similarly, if there is a conflict between acquiring oil to light a lamp for his home and wine for the sanctification [ kiddush ] of Shabbat day, the lamp for his home takes precedence due to peace in his home. However, Rava raised a dilemma: When the conflict is between oil for a Hanukkah lamp or wine for kiddush of Shabbat day, what is the ruling in that case? Does kiddush of Shabbat day take priority because it is frequent, i.e., it is performed every week, and there is a principle: When there is a conflict between a frequent practice and an infrequent practice, the frequent practice takes precedence? Or, perhaps the Hanukkah lamp takes precedence due to publicity of the miracle? After he raised the dilemma, he then resolved it on his own and he ruled that, in that case, the Hanukkah lamp takes precedence due to publicity of the miracle. ", "naive_lemmatizer": " Rava said: It is obvious to me that there is a fixed list of priorities. When a person is poor and must choose between purchasing oil to light a Shabbat lamp for his home or purchasing oil to light a Hanukkah lamp, the Shabbat lamp for his home takes precedence. That is due to peace in his home; without the light of that lamp, his family would be sitting and eating their meal in the dark. Similarly, if there is a conflict between acquiring oil to light a lamp for his home and wine for the sanctification [ kiddush ] of Shabbat day, the lamp for his home takes precedence due to peace in his home. However, Rava raised a dilemma: When the conflict is between oil for a Hanukkah lamp or wine for kiddush of Shabbat day, what is the ruling in that case? Does kiddush of Shabbat day take priority because it is frequent, i.e., it is performed every week, and there is a principle: When there is a conflict between a frequent practice and an infrequent practice, the frequent practice takes precedence? Or, perhaps the Hanukkah lamp takes precedence due to publicity of the miracle? After he raised the dilemma, he then resolved it on his own and he ruled that, in that case, the Hanukkah lamp takes precedence due to publicity of the miracle. ", "hebrew_version_title": "מהדורת וויליאם דייוידסון - אנגלית", "languageFamilyName": "english", "isPrimary": false}, "highlight": {"naive_lemmatizer": ["When a person is poor and must choose between purchasing oil to light a <b>Shabbat</b> lamp for his home or purchasing oil to light a Hanukkah lamp, the <b>Shabbat</b> lamp for his home takes precedence.", "Similarly, if there is a conflict between acquiring oil to light a lamp for his home and wine for the sanctification [ kiddush ] of <b>Shabbat</b> day, the lamp for his home takes precedence due to peace in his", "However, Rava raised a dilemma: When the conflict is between oil for a Hanukkah lamp or wine for kiddush of <b>Shabbat</b> day, what is the ruling in that case?", "Does kiddush of <b>Shabbat</b> day take priority because it is frequent, i.e., it is performed every week, and there is a principle: When there is a conflict between a frequent practice and an infrequent practice"]}}, {"_index": "text-a", "_id": "Mishneh Torah, Gifts to the Poor 10:7 (Gifts for the Poor, Trans. by Joseph B. Meszler, Williamsburg, Virginia, 2003 [en])", "_score": 1448006.9, "_source": {"ref": "Mishneh Torah, Gifts to the Poor 10:7", "heRef": "משנה תורה, הלכות מתנות עניים י׳:ז׳", "version": "Gifts for the Poor, Trans. by Joseph B. Meszler, Williamsburg, Virginia, 2003", "lang": "en", "version_priority": 1, "titleVariants": ["Rambam, Laws of Gifts to the Poor", "Rambam, Matnot Aniyiim", "Mishneh Torah, Laws of Gifts to the Poor", "Rambam, Gifts to the Poor", "Mishneh Torah, Hilchot Matnot Aniyiim", "Mishneh Torah, Matnot Aniyiim", "Rambam, Hilchot Matnot Aniyiim", "Mishneh Torah, Hilkhot Matnot Aniyiim", "Rambam, Hilkhot Matnot Aniyiim", "Mishneh Torah, Gifts to the Poor"], "categories": ["Halakhah", "Mishneh Torah", "Sefer Zeraim"], "order": "A00400000700100100007", "path": "Halakhah/Mishneh Torah/Sefer Zeraim/Mishneh Torah, Gifts to the Poor", "pagesheetrank": 168728.72308758696, "comp_date": 1176, "exact": "There are eight levels of tzedakah , each one greater than the other. The greatest level, higher than all the rest, is to fortify a fellow Jew and give him a gift, a loan, form with him a partnership, or find work for him, until he is strong enough so that he does not need to ask others [for sustenance]. Of this it is said, [If your kinsman, being in straits, comes under your authority,] and you hold him as though a resident alien, let him live by your side. That is as if to say, \" Hold him up,\" so that he will not fall and be in need. 186 See Babylonian Talmud Shabbat 63a.", "naive_lemmatizer": "There are eight levels of tzedakah , each one greater than the other. The greatest level, higher than all the rest, is to fortify a fellow Jew and give him a gift, a loan, form with him a partnership, or find work for him, until he is strong enough so that he does not need to ask others [for sustenance]. Of this it is said, [If your kinsman, being in straits, comes under your authority,] and you hold him as though a resident alien, let him live by your side. That is as if to say, \" Hold him up,\" so that he will not fall and be in need. 186 See Babylonian Talmud Shabbat 63a.", "hebrew_version_title": null, "languageFamilyName": "english", "isPrimary": false}, "highlight": {"naive_lemmatizer": ["That is as if to say, \" Hold him up,\" so that he will not fall and be in need. 186 See Babylonian Talmud <b>Shabbat</b> 63a."]}}, {"_index": "text-a", "_id": "Shabbat 23b:3 (Sefaria Community Translation [en])", "_score": 1333882.4, "_source": {"ref": "Shabbat 23b:3", "heRef": "שבת כ״ג ב:ג׳", "version": "Sefaria Community Translation", "lang": "en", "version_priority": 1, "titleVariants": ["Masekhet Shabbat", "Shabbos", "Shabbath", "Talmud Shabbat", "Tractate Shabbat", "Shab.", "Sabb.", "Sabbath", "BT Shabbat", "Shabbat"], "categories": ["Talmud", "Bavli", "Seder Moed"], "order": "A00200000100000460003", "path": "Talmud/Bavli/Seder Moed/Shabbat", "pagesheetrank": 155430.38887963092, "comp_date": 450, "exact": "Rav said: It's simple that [if he can afford either] a light for his home [i.e., for Shabbat] and the Chanukkah light, a light for his home is preferred, because of [considerations of] domestic tranquility. A light for his home and [wine for] sanctification of the day, a light for his home is preferred, because of domestic tranquility; Rava asked: The Chanukkah candle and sanctification of the day, what is [the ruling]? Is sanctification of the day preferred, because it is a frequent[practice], or perhaps the Chanukkah candle is prefered, because of publicizing the miracle? After he asked, he came back and resolved [lit. \"simplified\"] it: The Chanukkah candle is preferred, because of publicizing the miracle.", "naive_lemmatizer": "Rav said: It's simple that [if he can afford either] a light for his home [i.e., for Shabbat] and the Chanukkah light, a light for his home is preferred, because of [considerations of] domestic tranquility. A light for his home and [wine for] sanctification of the day, a light for his home is preferred, because of domestic tranquility; Rava asked: The Chanukkah candle and sanctification of the day, what is [the ruling]? Is sanctification of the day preferred, because it is a frequent[practice], or perhaps the Chanukkah candle is prefered, because of publicizing the miracle? After he asked, he came back and resolved [lit. \"simplified\"] it: The Chanukkah candle is preferred, because of publicizing the miracle.", "hebrew_version_title": "תרגום קהילת ספריא", "languageFamilyName": "english", "isPrimary": false}, "highlight": {"naive_lemmatizer": ["Rav said: It's simple that [if he can afford either] a light for his home [i.e., for <b>Shabbat</b>] and the Chanukkah light, a light for his home is preferred, because of [considerations of] domestic tranquility"]}}, {"_index": "text-a", "_id": "Psalms 92:1 (Sefaria Community Translation [en])", "_score": 1256770.9, "_source": {"ref": "Psalms 92:1", "heRef": "תהילים צ״ב:א׳", "version": "Sefaria Community Translation", "lang": "en", "version_priority": 2, "titleVariants": ["Ps", "Ps.", "Psa", "Tehilim", "Psa.", "Psalm", "Tehillim", "Psalms"], "categories": ["Tanakh", "Writings"], "order": "A00000200000920001", "path": "Tanakh/Writings/Psalms", "pagesheetrank": 114561.3330670294, "comp_date": -1000, "exact": "A psalm and song to Shabbat.", "naive_lemmatizer": "A psalm and song to Shabbat.", "hebrew_version_title": "תרגום קהילת ספריא", "languageFamilyName": "english", "isPrimary": false}, "highlight": {"naive_lemmatizer": ["A psalm and song to <b>Shabbat</b>."]}}, {"_index": "text-a", "_id": "Shabbat 21b:1 (William Davidson Edition - English [en])", "_score": 1164730.2, "_source": {"ref": "Shabbat 21b:1", "heRef": "שבת כ״א ב:א׳", "version": "William Davidson Edition - English", "lang": "en", "version_priority": 0, "titleVariants": ["Masekhet Shabbat", "Shabbos", "Shabbath", "Talmud Shabbat", "Tractate Shabbat", "Shab.", "Sabb.", "Sabbath", "BT Shabbat", "Shabbat"], "categories": ["Talmud", "Bavli", "Seder Moed"], "order": "A00200000100000420001", "path": "Talmud/Bavli/Seder Moed/Shabbat", "pagesheetrank": 107099.05882112398, "comp_date": 450, "exact": " one is not bound to attend to it. Therefore, there is no reason to make certain from the outset to light it with materials that burn well, as even if it is extinguished, he is not required to relight it. However, he also holds that it is permitted to use its light. As a result, he must ensure that the wick burns well on Shabbat; if not, he is liable to come to adjust the flame in order to use its light. The third opinion is that which Rabbi Zeira said that Rav Mattana said, and others say that Rabbi Zeira said that Rav said: The wicks and oils with which the Sages said one may not light on Shabbat, one may, nevertheless, light with them on Hanukkah, both during the week and on Shabbat. Rabbi Yirmeya said: What is Rav’s reason? He holds that if it is extinguished, one is not bound to attend to it and relight it, and it is prohibited to use its light. Therefore, even on Shabbat, there is no concern lest he come to adjust the wick, as it is prohibited to utilize its light.", "naive_lemmatizer": " one is not bound to attend to it. Therefore, there is no reason to make certain from the outset to light it with materials that burn well, as even if it is extinguished, he is not required to relight it. However, he also holds that it is permitted to use its light. As a result, he must ensure that the wick burns well on Shabbat; if not, he is liable to come to adjust the flame in order to use its light. The third opinion is that which Rabbi Zeira said that Rav Mattana said, and others say that Rabbi Zeira said that Rav said: The wicks and oils with which the Sages said one may not light on Shabbat, one may, nevertheless, light with them on Hanukkah, both during the week and on Shabbat. Rabbi Yirmeya said: What is Rav’s reason? He holds that if it is extinguished, one is not bound to attend to it and relight it, and it is prohibited to use its light. Therefore, even on Shabbat, there is no concern lest he come to adjust the wick, as it is prohibited to utilize its light.", "hebrew_version_title": "מהדורת וויליאם דייוידסון - אנגלית", "languageFamilyName": "english", "isPrimary": false}, "highlight": {"naive_lemmatizer": ["As a result, he must ensure that the wick burns well on <b>Shabbat</b>; if not, he is liable to come to adjust the flame in order to use its light.", "The third opinion is that which Rabbi Zeira said that Rav Mattana said, and others say that Rabbi Zeira said that Rav said: The wicks and oils with which the Sages said one may not light on <b>Shabbat</b>, one", "may, nevertheless, light with them on Hanukkah, both during the week and on <b>Shabbat</b>.", "Therefore, even on <b>Shabbat</b>, there is no concern lest he come to adjust the wick, as it is prohibited to utilize its light."]}}]}}
2025-08-12 16:46:07,882 - root - DEBUG - formated results: ['Reference: Pirkei Avot 5:6\n Hebrew Reference: משנה אבות ה׳:ו׳\n Highlight: Ten things were created on the eve of the [first] <b>Shabbat</b> at twilight.\n', 'Reference: Mishneh Torah, Repentance 2:1\n Hebrew Reference: משנה תורה, הלכות תשובה ב׳:א׳\n Highlight: Deduct herefrom that if he remembered his Creator and did repent ere he died, he was forgiven. 1 Ibid. 86b; Kiddushin, 40b; <b>Shabbat</b>, 151a. C.\n', 'Reference: Exodus 19:17\n Hebrew Reference: שמות י״ט:י״ז\n Highlight: Seeing this, God had the people retreat and lowered the mountain back to the ground. 79 Rashi on Deuteronomy 32:11. 80 Rashi here and on Deuteronomy 33:2. 81 Rashi on Deuteronomy 33:3 and <b>Shabbat</b> 88a.\n', 'Reference: Mishnah Shabbat 7:2\n Hebrew Reference: משנה שבת ז׳:ב׳\n Highlight: This fundamental mishna enumerates those who perform the primary categories of labor prohibited on <b>Shabbat</b>, which number forty-less-one.\n', 'Reference: Mishneh Torah, Repentance 2:2\n Hebrew Reference: משנה תורה, הלכות תשובה ב׳:ב׳\n Highlight: It is, moreover, essential that his confession shall be by spoken words of his lips, and all that which he concluded in his heart shall be formed in speech. 2 Yoma, 57b; <b>Shabbat</b>, 121. G.\n', 'Reference: Shabbat 23b:3\n Hebrew Reference: שבת כ״ג ב:ג׳\n Highlight: When a person is poor and must choose between purchasing oil to light a <b>Shabbat</b> lamp for his home or purchasing oil to light a Hanukkah lamp, the <b>Shabbat</b> lamp for his home takes precedence. [...] Similarly, if there is a conflict between acquiring oil to light a lamp for his home and wine for the sanctification [ kiddush ] of <b>Shabbat</b> day, the lamp for his home takes precedence due to peace in his [...] However, Rava raised a dilemma: When the conflict is between oil for a Hanukkah lamp or wine for kiddush of <b>Shabbat</b> day, what is the ruling in that case? [...] Does kiddush of <b>Shabbat</b> day take priority because it is frequent, i.e., it is performed every week, and there is a principle: When there is a conflict between a frequent practice and an infrequent practice\n', 'Reference: Mishneh Torah, Gifts to the Poor 10:7\n Hebrew Reference: משנה תורה, הלכות מתנות עניים י׳:ז׳\n Highlight: That is as if to say, " Hold him up," so that he will not fall and be in need. 186 See Babylonian Talmud <b>Shabbat</b> 63a.\n', "Reference: Shabbat 23b:3\n Hebrew Reference: שבת כ״ג ב:ג׳\n Highlight: Rav said: It's simple that [if he can afford either] a light for his home [i.e., for <b>Shabbat</b>] and the Chanukkah light, a light for his home is preferred, because of [considerations of] domestic tranquility\n", 'Reference: Psalms 92:1\n Hebrew Reference: תהילים צ״ב:א׳\n Highlight: A psalm and song to <b>Shabbat</b>.\n', 'Reference: Shabbat 21b:1\n Hebrew Reference: שבת כ״א ב:א׳\n Highlight: As a result, he must ensure that the wick burns well on <b>Shabbat</b>; if not, he is liable to come to adjust the flame in order to use its light. [...] The third opinion is that which Rabbi Zeira said that Rav Mattana said, and others say that Rabbi Zeira said that Rav said: The wicks and oils with which the Sages said one may not light on <b>Shabbat</b>, one [...] may, nevertheless, light with them on Hanukkah, both during the week and on <b>Shabbat</b>. [...] Therefore, even on <b>Shabbat</b>, there is no concern lest he come to adjust the wick, as it is prohibited to utilize its light.\n']
2025-08-12 16:46:07,882 - mcp.server.lowlevel.server - DEBUG - Response sent
2025-08-12 16:50:48,603 - mcp.server.lowlevel.server - DEBUG - Received message: <mcp.shared.session.RequestResponder object at 0x110af7dd0>
2025-08-12 16:50:48,603 - mcp.server.lowlevel.server - INFO - Processing request of type ListResourcesRequest
2025-08-12 16:50:48,603 - mcp.server.lowlevel.server - DEBUG - Response sent
2025-08-12 16:50:48,604 - mcp.server.lowlevel.server - DEBUG - Received message: <mcp.shared.session.RequestResponder object at 0x110be7bf0>
2025-08-12 16:50:48,605 - mcp.server.lowlevel.server - INFO - Processing request of type ListPromptsRequest
2025-08-12 16:50:48,605 - mcp.server.lowlevel.server - DEBUG - Response sent
2025-08-12 16:52:30,243 - mcp.server.lowlevel.server - DEBUG - Received message: <mcp.shared.session.RequestResponder object at 0x110b59010>
2025-08-12 16:52:30,243 - mcp.server.lowlevel.server - INFO - Processing request of type CallToolRequest
2025-08-12 16:52:30,243 - mcp.server.lowlevel.server - DEBUG - Dispatching request of type CallToolRequest
2025-08-12 16:52:30,244 - sefaria_jewish_library - DEBUG - Handling call_tool request for search_texts with arguments {'query': 'שבת'}
2025-08-12 16:52:30,244 - sefaria_jewish_library - DEBUG - handle_search_texts: שבת
2025-08-12 16:52:30,464 - urllib3.connectionpool - DEBUG - https://www.sefaria.org:443 "POST /api/search-wrapper HTTP/1.1" 200 None
2025-08-12 16:52:30,605 - root - DEBUG - Sefaria's Search API response: {"took": 17, "timed_out": false, "_shards": {"total": 1, "successful": 1, "skipped": 0, "failed": 0}, "hits": {"total": 10000, "max_score": 29747340.0, "hits": [{"_index": "text-a", "_id": "Exodus 20:8 (Miqra according to the Masorah [he])", "_score": 29747340.0, "_source": {"ref": "Exodus 20:8", "heRef": "שמות כ׳:ח׳", "version": "Miqra according to the Masorah", "lang": "he", "version_priority": 0, "titleVariants": ["Exod.", "Ex.", "Exo", "Shmot", "Shemot", "Ex", "Exo.", "Exod", "Shemoth", "Shemos", "Exodus"], "categories": ["Tanakh", "Torah"], "order": "A00000000100200008", "path": "Tanakh/Torah/Exodus", "pagesheetrank": 5418077.566445365, "comp_date": -1400, "exact": "זָכוֹר אֶת־יוֹם הַשַּׁבָּת לְקַדְּשׁוֹ׃", "naive_lemmatizer": "זָכוֹר אֶת־יוֹם הַשַּׁבָּת לְקַדְּשׁוֹ׃", "hebrew_version_title": "מקרא על פי המסורה", "languageFamilyName": "hebrew", "isPrimary": true}, "highlight": {"naive_lemmatizer": ["זָכוֹר אֶת־יוֹם <b>הַשַּׁבָּת</b> לְקַדְּשׁוֹ׃"]}}, {"_index": "text-a", "_id": "Exodus 20:8 (Tanach with Ta'amei Hamikra [he])", "_score": 29747340.0, "_source": {"ref": "Exodus 20:8", "heRef": "שמות כ׳:ח׳", "version": "Tanach with Ta'amei Hamikra", "lang": "he", "version_priority": 1, "titleVariants": ["Exod.", "Ex.", "Exo", "Shmot", "Shemot", "Ex", "Exo.", "Exod", "Shemoth", "Shemos", "Exodus"], "categories": ["Tanakh", "Torah"], "order": "A00000000100200008", "path": "Tanakh/Torah/Exodus", "pagesheetrank": 5418077.566445365, "comp_date": -1400, "exact": "זָכוֹר אֶת־יוֹם הַשַּׁבָּת לְקַדְּשׁוֹ", "naive_lemmatizer": "זָכוֹר אֶת־יוֹם הַשַּׁבָּת לְקַדְּשׁוֹ", "hebrew_version_title": "תנ״ך מלווה בטעמי מקרא", "languageFamilyName": "hebrew", "isPrimary": true}, "highlight": {"naive_lemmatizer": ["זָכוֹר אֶת־יוֹם <b>הַשַּׁבָּת</b> לְקַדְּשׁוֹ"]}}, {"_index": "text-a", "_id": "Exodus 20:8 (Tanach with Text Only [he])", "_score": 29747340.0, "_source": {"ref": "Exodus 20:8", "heRef": "שמות כ׳:ח׳", "version": "Tanach with Text Only", "lang": "he", "version_priority": 2, "titleVariants": ["Exod.", "Ex.", "Exo", "Shmot", "Shemot", "Ex", "Exo.", "Exod", "Shemoth", "Shemos", "Exodus"], "categories": ["Tanakh", "Torah"], "order": "A00000000100200008", "path": "Tanakh/Torah/Exodus", "pagesheetrank": 5418077.566445365, "comp_date": -1400, "exact": "זכור את יום השבת לקדשו", "naive_lemmatizer": "זכור את יום השבת לקדשו", "hebrew_version_title": "תנ״ך - טקסט בלבד", "languageFamilyName": "hebrew", "isPrimary": true}, "highlight": {"naive_lemmatizer": ["זכור את יום <b>השבת</b> לקדשו"]}}, {"_index": "text-a", "_id": "Exodus 20:8 (Tanach with Nikkud [he])", "_score": 29747340.0, "_source": {"ref": "Exodus 20:8", "heRef": "שמות כ׳:ח׳", "version": "Tanach with Nikkud", "lang": "he", "version_priority": 3, "titleVariants": ["Exod.", "Ex.", "Exo", "Shmot", "Shemot", "Ex", "Exo.", "Exod", "Shemoth", "Shemos", "Exodus"], "categories": ["Tanakh", "Torah"], "order": "A00000000100200008", "path": "Tanakh/Torah/Exodus", "pagesheetrank": 5418077.566445365, "comp_date": -1400, "exact": "זָכוֹר אֶת־יוֹם הַשַּׁבָּת לְקַדְּשׁוֹ", "naive_lemmatizer": "זָכוֹר אֶת־יוֹם הַשַּׁבָּת לְקַדְּשׁוֹ", "hebrew_version_title": "תנ״ך עם ניקוד", "languageFamilyName": "hebrew", "isPrimary": true}, "highlight": {"naive_lemmatizer": ["זָכוֹר אֶת־יוֹם <b>הַשַּׁבָּת</b> לְקַדְּשׁוֹ"]}}, {"_index": "text-a", "_id": "Exodus 20:8 (Wikisource -- Upper Accents [he])", "_score": 29747340.0, "_source": {"ref": "Exodus 20:8", "heRef": "שמות כ׳:ח׳", "version": "Wikisource -- Upper Accents", "lang": "he", "version_priority": 6, "titleVariants": ["Exod.", "Ex.", "Exo", "Shmot", "Shemot", "Ex", "Exo.", "Exod", "Shemoth", "Shemos", "Exodus"], "categories": ["Tanakh", "Torah"], "order": "A00000000100200008", "path": "Tanakh/Torah/Exodus", "pagesheetrank": 5418077.566445365, "comp_date": -1400, "exact": "זָכוֹר אֶת־יוֹם הַשַּׁבָּת לְקַדְּשׁוֹ:", "naive_lemmatizer": "זָכוֹר אֶת־יוֹם הַשַּׁבָּת לְקַדְּשׁוֹ:", "hebrew_version_title": null, "languageFamilyName": "hebrew", "isPrimary": true}, "highlight": {"naive_lemmatizer": ["זָכוֹר אֶת־יוֹם <b>הַשַּׁבָּת</b> לְקַדְּשׁוֹ:"]}}, {"_index": "text-a", "_id": "Leviticus 23:15 (Miqra according to the Masorah [he])", "_score": 18112488.0, "_source": {"ref": "Leviticus 23:15", "heRef": "ויקרא כ״ג:ט״ו", "version": "Miqra according to the Masorah", "lang": "he", "version_priority": 0, "titleVariants": ["Vayikra", "Lev.", "Lev", "B’ḥuck.", "B’ḥuḳḳothay", "vaYikra", "Lévit.", "Lévitique", "Leviticus"], "categories": ["Tanakh", "Torah"], "order": "A00000000200230015", "path": "Tanakh/Torah/Leviticus", "pagesheetrank": 2949889.8794921674, "comp_date": -1400, "exact": "וּסְפַרְתֶּם לָכֶם מִמׇּחֳרַת הַשַּׁבָּת מִיּוֹם הֲבִיאֲכֶם אֶת־עֹמֶר הַתְּנוּפָה שֶׁבַע שַׁבָּתוֹת תְּמִימֹת תִּהְיֶינָה׃", "naive_lemmatizer": "וּסְפַרְתֶּם לָכֶם מִמׇּחֳרַת הַשַּׁבָּת מִיּוֹם הֲבִיאֲכֶם אֶת־עֹמֶר הַתְּנוּפָה שֶׁבַע שַׁבָּתוֹת תְּמִימֹת תִּהְיֶינָה׃", "hebrew_version_title": "מקרא על פי המסורה", "languageFamilyName": "hebrew", "isPrimary": true}, "highlight": {"naive_lemmatizer": ["וּסְפַרְתֶּם לָכֶם מִמׇּחֳרַת <b>הַשַּׁבָּת</b> מִיּוֹם הֲבִיאֲכֶם אֶת־עֹמֶר הַתְּנוּפָה שֶׁבַע <b>שַׁבָּתוֹת</b> תְּמִימֹת תִּהְיֶינָה׃"]}}, {"_index": "text-a", "_id": "Leviticus 23:15 (Tanach with Ta'amei Hamikra [he])", "_score": 18112488.0, "_source": {"ref": "Leviticus 23:15", "heRef": "ויקרא כ״ג:ט״ו", "version": "Tanach with Ta'amei Hamikra", "lang": "he", "version_priority": 1, "titleVariants": ["Vayikra", "Lev.", "Lev", "B’ḥuck.", "B’ḥuḳḳothay", "vaYikra", "Lévit.", "Lévitique", "Leviticus"], "categories": ["Tanakh", "Torah"], "order": "A00000000200230015", "path": "Tanakh/Torah/Leviticus", "pagesheetrank": 2949889.8794921674, "comp_date": -1400, "exact": "וּסְפַרְתֶּם לָכֶם מִמָּחֳרַת הַשַּׁבָּת מִיּוֹם הֲבִיאֲכֶם אֶת־עֹמֶר הַתְּנוּפָה שֶׁבַע שַׁבָּתוֹת תְּמִימֹת תִּהְיֶינָה׃", "naive_lemmatizer": "וּסְפַרְתֶּם לָכֶם מִמָּחֳרַת הַשַּׁבָּת מִיּוֹם הֲבִיאֲכֶם אֶת־עֹמֶר הַתְּנוּפָה שֶׁבַע שַׁבָּתוֹת תְּמִימֹת תִּהְיֶינָה׃", "hebrew_version_title": "תנ״ך מלווה בטעמי מקרא", "languageFamilyName": "hebrew", "isPrimary": true}, "highlight": {"naive_lemmatizer": ["וּסְפַרְתֶּם לָכֶם מִמָּחֳרַת <b>הַשַּׁבָּת</b> מִיּוֹם הֲבִיאֲכֶם אֶת־עֹמֶר הַתְּנוּפָה שֶׁבַע <b>שַׁבָּתוֹת</b> תְּמִימֹת תִּהְיֶינָה׃"]}}, {"_index": "text-a", "_id": "Leviticus 23:15 (Tanach with Text Only [he])", "_score": 18112488.0, "_source": {"ref": "Leviticus 23:15", "heRef": "ויקרא כ״ג:ט״ו", "version": "Tanach with Text Only", "lang": "he", "version_priority": 2, "titleVariants": ["Vayikra", "Lev.", "Lev", "B’ḥuck.", "B’ḥuḳḳothay", "vaYikra", "Lévit.", "Lévitique", "Leviticus"], "categories": ["Tanakh", "Torah"], "order": "A00000000200230015", "path": "Tanakh/Torah/Leviticus", "pagesheetrank": 2949889.8794921674, "comp_date": -1400, "exact": "וספרתם לכם ממחרת השבת מיום הביאכם את עמר התנופה שבע שבתות תמימת תהיינה", "naive_lemmatizer": "וספרתם לכם ממחרת השבת מיום הביאכם את עמר התנופה שבע שבתות תמימת תהיינה", "hebrew_version_title": "תנ״ך - טקסט בלבד", "languageFamilyName": "hebrew", "isPrimary": true}, "highlight": {"naive_lemmatizer": ["וספרתם לכם ממחרת <b>השבת</b> מיום הביאכם את עמר התנופה שבע <b>שבתות</b> תמימת תהיינה"]}}, {"_index": "text-a", "_id": "Leviticus 23:15 (Tanach with Nikkud [he])", "_score": 18112488.0, "_source": {"ref": "Leviticus 23:15", "heRef": "ויקרא כ״ג:ט״ו", "version": "Tanach with Nikkud", "lang": "he", "version_priority": 3, "titleVariants": ["Vayikra", "Lev.", "Lev", "B’ḥuck.", "B’ḥuḳḳothay", "vaYikra", "Lévit.", "Lévitique", "Leviticus"], "categories": ["Tanakh", "Torah"], "order": "A00000000200230015", "path": "Tanakh/Torah/Leviticus", "pagesheetrank": 2949889.8794921674, "comp_date": -1400, "exact": "וּסְפַרְתֶּם לָכֶם מִמָּחֳרַת הַשַּׁבָּת מִיּוֹם הֲבִיאֲכֶם אֶת־עֹמֶר הַתְּנוּפָה שֶׁבַע שַׁבָּתוֹת תְּמִימֹת תִּהְיֶינָה׃", "naive_lemmatizer": "וּסְפַרְתֶּם לָכֶם מִמָּחֳרַת הַשַּׁבָּת מִיּוֹם הֲבִיאֲכֶם אֶת־עֹמֶר הַתְּנוּפָה שֶׁבַע שַׁבָּתוֹת תְּמִימֹת תִּהְיֶינָה׃", "hebrew_version_title": "תנ״ך עם ניקוד", "languageFamilyName": "hebrew", "isPrimary": true}, "highlight": {"naive_lemmatizer": ["וּסְפַרְתֶּם לָכֶם מִמָּחֳרַת <b>הַשַּׁבָּת</b> מִיּוֹם הֲבִיאֲכֶם אֶת־עֹמֶר הַתְּנוּפָה שֶׁבַע <b>שַׁבָּתוֹת</b> תְּמִימֹת תִּהְיֶינָה׃"]}}, {"_index": "text-a", "_id": "Deuteronomy 5:12 (Miqra according to the Masorah [he])", "_score": 9752448.0, "_source": {"ref": "Deuteronomy 5:12", "heRef": "דברים ה׳:י״ב", "version": "Miqra according to the Masorah", "lang": "he", "version_priority": 0, "titleVariants": ["Deu.", "Devarim", "Deu", "Deut.", "Deut", "Dvarim", "Devorim", "Deuter.", "Debarim", "Dev.", "Deutéronome", "Deutéron.", "Deutér.", "Deuteronomy"], "categories": ["Tanakh", "Torah"], "order": "A00000000400050012", "path": "Tanakh/Torah/Deuteronomy", "pagesheetrank": 1809037.207363401, "comp_date": -1400, "exact": "שָׁמוֹר אֶת־יוֹם הַשַּׁבָּת לְקַדְּשׁוֹ כַּאֲשֶׁר צִוְּךָ  יְהֹוָה אֱלֹהֶיךָ׃", "naive_lemmatizer": "שָׁמוֹר אֶת־יוֹם הַשַּׁבָּת לְקַדְּשׁוֹ כַּאֲשֶׁר צִוְּךָ  יְהֹוָה אֱלֹהֶיךָ׃", "hebrew_version_title": "מקרא על פי המסורה", "languageFamilyName": "hebrew", "isPrimary": true}, "highlight": {"naive_lemmatizer": ["שָׁמוֹר אֶת־יוֹם <b>הַשַּׁבָּת</b> לְקַדְּשׁוֹ כַּאֲשֶׁר צִוְּךָ  יְהֹוָה אֱלֹהֶיךָ׃"]}}]}}
2025-08-12 16:52:30,605 - root - DEBUG - formated results: ['Reference: Exodus 20:8\n Hebrew Reference: שמות כ׳:ח׳\n Highlight: זָכוֹר אֶת־יוֹם <b>הַשַּׁבָּת</b> לְקַדְּשׁוֹ׃\n', 'Reference: Exodus 20:8\n Hebrew Reference: שמות כ׳:ח׳\n Highlight: זָכוֹר אֶת־יוֹם <b>הַשַּׁבָּת</b> לְקַדְּשׁוֹ\n', 'Reference: Exodus 20:8\n Hebrew Reference: שמות כ׳:ח׳\n Highlight: זכור את יום <b>השבת</b> לקדשו\n', 'Reference: Exodus 20:8\n Hebrew Reference: שמות כ׳:ח׳\n Highlight: זָכוֹר אֶת־יוֹם <b>הַשַּׁבָּת</b> לְקַדְּשׁוֹ\n', 'Reference: Exodus 20:8\n Hebrew Reference: שמות כ׳:ח׳\n Highlight: זָכוֹר אֶת־יוֹם <b>הַשַּׁבָּת</b> לְקַדְּשׁוֹ:\n', 'Reference: Leviticus 23:15\n Hebrew Reference: ויקרא כ״ג:ט״ו\n Highlight: וּסְפַרְתֶּם לָכֶם מִמׇּחֳרַת <b>הַשַּׁבָּת</b> מִיּוֹם הֲבִיאֲכֶם אֶת־עֹמֶר הַתְּנוּפָה שֶׁבַע <b>שַׁבָּתוֹת</b> תְּמִימֹת תִּהְיֶינָה׃\n', 'Reference: Leviticus 23:15\n Hebrew Reference: ויקרא כ״ג:ט״ו\n Highlight: וּסְפַרְתֶּם לָכֶם מִמָּחֳרַת <b>הַשַּׁבָּת</b> מִיּוֹם הֲבִיאֲכֶם אֶת־עֹמֶר הַתְּנוּפָה שֶׁבַע <b>שַׁבָּתוֹת</b> תְּמִימֹת תִּהְיֶינָה׃\n', 'Reference: Leviticus 23:15\n Hebrew Reference: ויקרא כ״ג:ט״ו\n Highlight: וספרתם לכם ממחרת <b>השבת</b> מיום הביאכם את עמר התנופה שבע <b>שבתות</b> תמימת תהיינה\n', 'Reference: Leviticus 23:15\n Hebrew Reference: ויקרא כ״ג:ט״ו\n Highlight: וּסְפַרְתֶּם לָכֶם מִמָּחֳרַת <b>הַשַּׁבָּת</b> מִיּוֹם הֲבִיאֲכֶם אֶת־עֹמֶר הַתְּנוּפָה שֶׁבַע <b>שַׁבָּתוֹת</b> תְּמִימֹת תִּהְיֶינָה׃\n', 'Reference: Deuteronomy 5:12\n Hebrew Reference: דברים ה׳:י״ב\n Highlight: שָׁמוֹר אֶת־יוֹם <b>הַשַּׁבָּת</b> לְקַדְּשׁוֹ כַּאֲשֶׁר צִוְּךָ\u2009 יְהֹוָה אֱלֹהֶיךָ׃\n']
2025-08-12 16:52:30,605 - mcp.server.lowlevel.server - DEBUG - Response sent
2025-08-12 17:00:48,742 - mcp.server.lowlevel.server - DEBUG - Received message: <mcp.shared.session.RequestResponder object at 0x107d2e300>
2025-08-12 17:00:48,745 - mcp.server.lowlevel.server - INFO - Processing request of type ListResourcesRequest
2025-08-12 17:00:48,745 - mcp.server.lowlevel.server - DEBUG - Response sent
2025-08-12 17:00:48,897 - mcp.server.lowlevel.server - DEBUG - Received message: <mcp.shared.session.RequestResponder object at 0x110b59610>
2025-08-12 17:00:48,897 - mcp.server.lowlevel.server - INFO - Processing request of type ListPromptsRequest
2025-08-12 17:00:48,897 - mcp.server.lowlevel.server - DEBUG - Response sent
2025-08-12 17:10:48,620 - mcp.server.lowlevel.server - DEBUG - Received message: <mcp.shared.session.RequestResponder object at 0x110af7dd0>
2025-08-12 17:10:48,620 - mcp.server.lowlevel.server - INFO - Processing request of type ListResourcesRequest
2025-08-12 17:10:48,620 - mcp.server.lowlevel.server - DEBUG - Response sent
2025-08-12 17:10:48,623 - mcp.server.lowlevel.server - DEBUG - Received message: <mcp.shared.session.RequestResponder object at 0x110b21940>
2025-08-12 17:10:48,623 - mcp.server.lowlevel.server - INFO - Processing request of type ListPromptsRequest
2025-08-12 17:10:48,623 - mcp.server.lowlevel.server - DEBUG - Response sent
2025-08-12 17:20:48,576 - mcp.server.lowlevel.server - DEBUG - Received message: <mcp.shared.session.RequestResponder object at 0x110af4a10>
2025-08-12 17:20:48,577 - mcp.server.lowlevel.server - INFO - Processing request of type ListResourcesRequest
2025-08-12 17:20:48,577 - mcp.server.lowlevel.server - DEBUG - Response sent
2025-08-12 17:20:48,579 - mcp.server.lowlevel.server - DEBUG - Received message: <mcp.shared.session.RequestResponder object at 0x110bb59a0>
2025-08-12 17:20:48,580 - mcp.server.lowlevel.server - INFO - Processing request of type ListPromptsRequest
2025-08-12 17:20:48,580 - mcp.server.lowlevel.server - DEBUG - Response sent
2025-08-12 17:29:38,335 - mcp.server.lowlevel.server - DEBUG - Initializing server 'sefaria_jewish_library'
2025-08-12 17:29:38,335 - mcp.server.lowlevel.server - DEBUG - Registering handler for ListToolsRequest
2025-08-12 17:29:38,335 - mcp.server.lowlevel.server - DEBUG - Registering handler for CallToolRequest
2025-08-12 17:29:38,347 - mcp.server.lowlevel.server - DEBUG - Initializing server 'sefaria_jewish_library'
2025-08-12 17:29:38,347 - mcp.server.lowlevel.server - DEBUG - Registering handler for ListToolsRequest
2025-08-12 17:29:38,347 - mcp.server.lowlevel.server - DEBUG - Registering handler for CallToolRequest
2025-08-12 17:29:38,347 - asyncio - DEBUG - Using selector: KqueueSelector
2025-08-12 17:29:38,347 - sefaria_jewish_library - INFO - Starting Jewish Library MCP server...
2025-08-12 17:29:38,355 - mcp.server.lowlevel.server - DEBUG - Received message: root=InitializedNotification(method='notifications/initialized', params=None, jsonrpc='2.0')
2025-08-12 17:29:38,357 - mcp.server.lowlevel.server - DEBUG - Received message: <mcp.shared.session.RequestResponder object at 0x1046bbf50>
2025-08-12 17:29:38,357 - mcp.server.lowlevel.server - INFO - Processing request of type ListToolsRequest
2025-08-12 17:29:38,358 - mcp.server.lowlevel.server - DEBUG - Dispatching request of type ListToolsRequest
2025-08-12 17:29:38,358 - sefaria_jewish_library - DEBUG - Handling list_tools request
2025-08-12 17:29:38,358 - mcp.server.lowlevel.server - DEBUG - Response sent
2025-08-12 17:29:38,358 - mcp.server.lowlevel.server - DEBUG - Received message: <mcp.shared.session.RequestResponder object at 0x1043bf4a0>
2025-08-12 17:29:38,358 - mcp.server.lowlevel.server - INFO - Processing request of type ListResourcesRequest
2025-08-12 17:29:38,359 - mcp.server.lowlevel.server - DEBUG - Response sent
2025-08-12 17:29:38,362 - mcp.server.lowlevel.server - DEBUG - Received message: <mcp.shared.session.RequestResponder object at 0x10425b380>
2025-08-12 17:29:38,362 - mcp.server.lowlevel.server - INFO - Processing request of type ListPromptsRequest
2025-08-12 17:29:38,362 - mcp.server.lowlevel.server - DEBUG - Response sent
2025-08-12 17:29:38,955 - mcp.server.lowlevel.server - DEBUG - Received message: <mcp.shared.session.RequestResponder object at 0x104143f20>
2025-08-12 17:29:38,958 - mcp.server.lowlevel.server - INFO - Processing request of type ListToolsRequest
2025-08-12 17:29:38,959 - mcp.server.lowlevel.server - DEBUG - Dispatching request of type ListToolsRequest
2025-08-12 17:29:38,959 - sefaria_jewish_library - DEBUG - Handling list_tools request
2025-08-12 17:29:38,959 - mcp.server.lowlevel.server - DEBUG - Response sent
2025-08-12 17:29:38,959 - mcp.server.lowlevel.server - DEBUG - Received message: <mcp.shared.session.RequestResponder object at 0x10425b380>
2025-08-12 17:29:38,959 - mcp.server.lowlevel.server - INFO - Processing request of type ListResourcesRequest
2025-08-12 17:29:38,960 - mcp.server.lowlevel.server - DEBUG - Response sent
2025-08-12 17:29:38,968 - mcp.server.lowlevel.server - DEBUG - Received message: <mcp.shared.session.RequestResponder object at 0x1047d5910>
2025-08-12 17:29:38,970 - mcp.server.lowlevel.server - INFO - Processing request of type ListPromptsRequest
2025-08-12 17:29:38,970 - mcp.server.lowlevel.server - DEBUG - Response sent
2025-08-12 17:31:10,722 - mcp.server.lowlevel.server - DEBUG - Received message: <mcp.shared.session.RequestResponder object at 0x104493530>
2025-08-12 17:31:10,722 - mcp.server.lowlevel.server - INFO - Processing request of type CallToolRequest
2025-08-12 17:31:10,722 - mcp.server.lowlevel.server - DEBUG - Dispatching request of type CallToolRequest
2025-08-12 17:31:10,724 - sefaria_jewish_library - DEBUG - Handling call_tool request for search_texts with arguments {'query': 'שבת'}
2025-08-12 17:31:10,724 - sefaria_jewish_library - DEBUG - handle_search_texts: שבת
2025-08-12 17:31:10,736 - urllib3.connectionpool - DEBUG - Starting new HTTPS connection (1): www.sefaria.org:443
2025-08-12 17:31:10,925 - mcp.server.lowlevel.server - DEBUG - Response sent
2025-08-12 17:34:20,721 - mcp.server.lowlevel.server - DEBUG - Initializing server 'sefaria_jewish_library'
2025-08-12 17:34:20,724 - mcp.server.lowlevel.server - DEBUG - Registering handler for ListToolsRequest
2025-08-12 17:34:20,724 - mcp.server.lowlevel.server - DEBUG - Registering handler for CallToolRequest
2025-08-12 17:34:20,730 - mcp.server.lowlevel.server - DEBUG - Initializing server 'sefaria_jewish_library'
2025-08-12 17:34:20,730 - mcp.server.lowlevel.server - DEBUG - Registering handler for ListToolsRequest
2025-08-12 17:34:20,730 - mcp.server.lowlevel.server - DEBUG - Registering handler for CallToolRequest
2025-08-12 17:34:20,730 - asyncio - DEBUG - Using selector: KqueueSelector
2025-08-12 17:34:20,730 - sefaria_jewish_library - INFO - Starting Jewish Library MCP server...
2025-08-12 17:34:20,730 - sefaria_jewish_library - INFO - Sefaria SSL verification is ENABLED (set via SEFARIA_SSL_VERIFY)
2025-08-12 17:34:30,338 - mcp.server.lowlevel.server - DEBUG - Initializing server 'sefaria_jewish_library'
2025-08-12 17:34:30,339 - mcp.server.lowlevel.server - DEBUG - Registering handler for ListToolsRequest
2025-08-12 17:34:30,339 - mcp.server.lowlevel.server - DEBUG - Registering handler for CallToolRequest
2025-08-12 17:34:30,359 - mcp.server.lowlevel.server - DEBUG - Initializing server 'sefaria_jewish_library'
2025-08-12 17:34:30,360 - mcp.server.lowlevel.server - DEBUG - Registering handler for ListToolsRequest
2025-08-12 17:34:30,360 - mcp.server.lowlevel.server - DEBUG - Registering handler for CallToolRequest
2025-08-12 17:34:30,360 - asyncio - DEBUG - Using selector: KqueueSelector
2025-08-12 17:34:30,360 - sefaria_jewish_library - INFO - Starting Jewish Library MCP server...
2025-08-12 17:34:30,360 - sefaria_jewish_library - INFO - Sefaria SSL verification is ENABLED (set via SEFARIA_SSL_VERIFY)
2025-08-12 17:34:30,364 - mcp.server.lowlevel.server - DEBUG - Received message: root=InitializedNotification(method='notifications/initialized', params=None, jsonrpc='2.0')
2025-08-12 17:34:30,366 - mcp.server.lowlevel.server - DEBUG - Received message: <mcp.shared.session.RequestResponder object at 0x1051e7f50>
2025-08-12 17:34:30,366 - mcp.server.lowlevel.server - INFO - Processing request of type ListToolsRequest
2025-08-12 17:34:30,367 - mcp.server.lowlevel.server - DEBUG - Dispatching request of type ListToolsRequest
2025-08-12 17:34:30,367 - sefaria_jewish_library - DEBUG - Handling list_tools request
2025-08-12 17:34:30,367 - mcp.server.lowlevel.server - DEBUG - Response sent
2025-08-12 17:34:30,367 - mcp.server.lowlevel.server - DEBUG - Received message: <mcp.shared.session.RequestResponder object at 0x1036775f0>
2025-08-12 17:34:30,367 - mcp.server.lowlevel.server - INFO - Processing request of type ListResourcesRequest
2025-08-12 17:34:30,368 - mcp.server.lowlevel.server - DEBUG - Response sent
2025-08-12 17:34:30,371 - mcp.server.lowlevel.server - DEBUG - Received message: <mcp.shared.session.RequestResponder object at 0x105249ac0>
2025-08-12 17:34:30,371 - mcp.server.lowlevel.server - INFO - Processing request of type ListPromptsRequest
2025-08-12 17:34:30,371 - mcp.server.lowlevel.server - DEBUG - Response sent
2025-08-12 17:34:31,412 - mcp.server.lowlevel.server - DEBUG - Received message: <mcp.shared.session.RequestResponder object at 0x10515ab70>
2025-08-12 17:34:31,414 - mcp.server.lowlevel.server - INFO - Processing request of type ListToolsRequest
2025-08-12 17:34:31,414 - mcp.server.lowlevel.server - DEBUG - Dispatching request of type ListToolsRequest
2025-08-12 17:34:31,414 - sefaria_jewish_library - DEBUG - Handling list_tools request
2025-08-12 17:34:31,414 - mcp.server.lowlevel.server - DEBUG - Response sent
2025-08-12 17:34:31,414 - mcp.server.lowlevel.server - DEBUG - Received message: <mcp.shared.session.RequestResponder object at 0x10345ab40>
2025-08-12 17:34:31,415 - mcp.server.lowlevel.server - INFO - Processing request of type ListResourcesRequest
2025-08-12 17:34:31,415 - mcp.server.lowlevel.server - DEBUG - Response sent
2025-08-12 17:34:31,421 - mcp.server.lowlevel.server - DEBUG - Received message: <mcp.shared.session.RequestResponder object at 0x105249a90>
2025-08-12 17:34:31,423 - mcp.server.lowlevel.server - INFO - Processing request of type ListPromptsRequest
2025-08-12 17:34:31,424 - mcp.server.lowlevel.server - DEBUG - Response sent
2025-08-12 17:34:59,084 - mcp.server.lowlevel.server - DEBUG - Received message: <mcp.shared.session.RequestResponder object at 0x1051e74d0>
2025-08-12 17:34:59,085 - mcp.server.lowlevel.server - INFO - Processing request of type CallToolRequest
2025-08-12 17:34:59,085 - mcp.server.lowlevel.server - DEBUG - Dispatching request of type CallToolRequest
2025-08-12 17:34:59,086 - sefaria_jewish_library - DEBUG - Handling call_tool request for search_texts with arguments {'query': 'שבת'}
2025-08-12 17:34:59,086 - sefaria_jewish_library - DEBUG - handle_search_texts: שבת
2025-08-12 17:34:59,110 - urllib3.connectionpool - DEBUG - Starting new HTTPS connection (1): www.sefaria.org:443
2025-08-12 17:34:59,167 - mcp.server.lowlevel.server - DEBUG - Response sent
